1,2,3,4,5,6,7,8,16,17,12,13,14,15,19,20,22,23,
1,2,3,4,5,6,7,8,16,17,12,13,14,15,19,20,22,23,
1,2,3,4,5,6,22,23,
1,2,3,4,5,6,21,6,22,23,
1,2,3,4,5,6,7,8,16,17,12,13,14,15,19,20,22,23,
1,2,3,4,5,6,21,6,22,23,
1,2,3,4,5,6,7,8,16,17,12,13,14,15,19,20,22,23,
1,2,3,4,5,6,21,6,22,23,
1,2,3,4,5,6,7,8,16,17,12,13,14,15,19,20,22,23,
1,2,3,4,5,6,21,6,7,8,16,12,13,14,15,17,19,20,22,23,
1,2,3,4,5,6,21,6,22,23,
1,2,3,4,5,6,7,8,16,17,12,13,14,15,19,20,22,23,
1,2,3,4,5,6,21,6,22,23,
1,2,3,4,5,6,7,8,16,17,12,13,14,15,19,20,22,23,
1,2,3,4,5,6,22,23,
1,2,3,4,5,6,7,8,16,17,12,13,14,15,19,20,22,23,
1,2,3,4,5,6,22,23,
1,2,3,4,5,6,7,8,16,17,12,13,14,15,19,20,22,23,
1,2,3,4,5,6,22,23,
1,2,3,4,5,6,7,8,16,17,12,13,14,15,19,20,22,23,
1,2,3,4,5,6,22,23,
1,2,3,4,5,6,7,16,8,12,13,14,15,17,18,15,19,20,22,23,
1,2,3,4,5,6,22,23,
1,2,3,4,5,6,22,23,
1,2,3,4,5,6,22,23,
1,2,3,4,5,6,7,16,8,12,13,14,15,17,18,15,19,20,22,23,
1,2,3,4,5,6,22,23,
1,2,3,4,5,6,7,16,17,8,12,13,14,15,18,15,18,15,19,20,22,23,
1,2,3,4,5,6,7,16,17,8,12,13,14,15,18,15,18,15,19,20,22,23,
1,2,3,4,5,6,7,16,17,8,12,13,14,15,19,20,22,23,
1,2,3,4,5,6,7,16,17,8,12,13,14,15,19,20,22,23,
1,2,3,4,5,6,21,6,21,6,21,6,7,8,16,9,17,10,11,12,13,14,15,19,20,22,23,
1,2,3,4,5,6,7,16,17,8,12,13,14,15,19,20,22,23,
1,2,3,4,5,6,7,16,17,8,12,13,14,15,19,20,22,23,
1,2,3,4,5,6,22,23,
1,2,3,4,5,6,7,16,17,8,12,13,14,15,19,20,22,23,
1,2,3,4,5,6,22,23,
1,2,3,4,5,6,21,6,7,16,8,9,17,10,11,12,13,14,15,18,15,18,15,19,20,22,23,
1,2,3,4,5,6,7,16,17,8,12,13,14,15,19,20,22,23,
1,2,3,4,5,6,21,6,22,23,
1,2,3,4,5,6,7,16,17,8,12,13,14,15,19,20,22,23,
1,2,3,4,5,6,21,6,22,23,
1,2,3,4,5,6,7,8,9,16,17,10,11,12,13,14,15,18,15,18,15,18,15,18,15,19,20,22,23,
1,2,3,4,5,6,7,16,17,8,12,13,14,15,19,20,22,23,
1,2,3,4,5,6,21,6,22,23,
1,2,3,4,5,6,7,16,17,8,12,13,14,15,19,20,22,23,
1,2,3,4,5,6,21,6,22,23,
1,2,3,4,5,6,21,6,22,23,
1,2,3,4,5,6,21,6,22,23,
1,2,3,4,5,6,21,6,22,23,
1,2,3,4,5,6,21,6,22,23,
1,2,3,4,5,6,21,6,7,8,16,12,17,13,14,15,19,20,22,23,
1,2,3,4,5,6,22,23,
1,2,3,4,5,6,22,23,
1,2,3,4,5,6,7,8,16,9,17,10,11,12,13,14,15,18,15,19,20,22,23,
1,2,3,4,5,6,22,23,
1,2,3,4,5,6,22,23,
1,2,3,4,5,6,22,23,
1,2,3,4,5,6,22,23,
1,2,3,4,5,6,22,23,
1,2,3,4,5,6,22,23,
1,2,3,4,5,6,22,23,
1,2,3,4,5,6,22,23,
1,2,3,4,5,6,22,23,
1,2,3,4,5,6,7,8,16,17,9,10,11,12,13,14,15,18,15,18,15,18,15,19,20,22,23,
1,2,3,4,5,6,21,6,22,23,
1,2,3,4,5,6,7,16,8,17,12,13,14,15,18,15,18,15,18,15,19,20,22,23,
1,2,3,4,5,6,21,6,22,23,
1,2,3,4,5,6,21,6,22,23,
1,2,3,4,5,6,21,6,22,23,
1,2,3,4,5,6,21,6,22,23,
1,2,3,4,5,6,21,6,21,6,7,8,16,17,12,13,14,15,19,20,22,23,
1,2,3,4,5,6,7,8,16,12,13,17,14,15,18,15,18,15,19,20,22,23,
1,2,3,4,5,6,22,23,
1,2,3,4,5,6,22,23,
1,2,3,4,5,6,22,23,
1,2,3,4,5,6,7,8,9,16,17,10,11,12,13,14,15,19,20,22,23,
1,2,3,4,5,6,22,23,
1,2,3,4,5,6,7,16,8,12,17,13,14,15,19,20,22,23,
1,2,3,4,5,6,7,8,9,16,17,10,11,12,13,14,15,19,20,22,23,
1,2,3,4,5,6,22,23,
1,2,3,4,5,6,7,8,9,16,17,10,11,12,13,14,15,19,20,22,23,
1,2,3,4,5,6,22,23,
1,2,3,4,5,6,7,16,8,17,9,10,11,12,13,14,15,18,15,18,15,18,15,19,20,22,23,
1,2,3,4,5,6,22,23,
1,2,3,4,5,6,22,23,
1,2,3,4,5,6,22,23,
1,2,3,4,5,6,22,23,
1,2,3,4,5,6,21,6,21,6,7,8,12,13,16,17,14,15,19,20,22,23,
1,2,3,4,5,6,21,6,21,6,21,6,21,6,7,16,8,9,17,10,11,12,13,14,15,18,15,19,20,22,23,
1,2,3,4,5,6,7,16,8,12,13,14,17,15,19,20,22,23,
1,2,3,4,5,6,7,16,8,12,13,14,17,15,19,20,22,23,
1,2,3,4,5,6,7,16,8,17,12,13,14,15,19,20,22,23,
1,2,3,4,5,6,7,16,8,17,12,13,14,15,19,20,22,23,
1,2,3,4,5,6,7,16,8,17,12,13,14,15,19,20,22,23,
1,2,3,4,5,6,7,16,8,17,12,13,14,15,19,20,22,23,
1,2,3,4,5,6,22,23,
1,2,3,4,5,6,22,23,
1,2,3,4,5,6,22,23,
1,2,3,4,5,6,7,16,8,9,17,10,11,12,13,14,15,19,20,22,23,
1,2,3,4,5,6,22,23,
1,2,3,4,5,6,22,23,
1,2,3,4,5,6,22,23,
1,2,3,4,5,6,22,23,
1,2,3,4,5,6,22,23,
1,2,3,4,5,6,22,23,
1,2,3,4,5,6,22,23,
1,2,3,4,5,6,21,6,21,6,21,6,7,16,8,17,12,13,14,15,18,15,18,15,18,15,19,20,22,23,
1,2,3,4,5,6,21,6,7,8,12,13,14,16,17,15,18,15,19,20,22,23,
1,2,3,4,5,6,7,16,8,17,12,13,14,15,19,20,22,23,
1,2,3,4,5,6,21,6,7,16,8,12,13,14,15,17,18,15,18,15,19,20,22,23,
1,2,3,4,5,6,7,16,8,17,12,13,14,15,19,20,22,23,
1,2,3,4,5,6,21,6,7,16,8,12,13,17,14,15,18,15,18,15,18,15,18,15,19,20,22,23,
1,2,3,4,5,6,7,16,8,17,12,13,14,15,19,20,22,23,
1,2,3,4,5,6,7,8,16,9,17,10,11,12,13,14,15,19,20,22,23,
1,2,3,4,5,6,7,16,17,8,9,10,11,12,13,14,15,18,15,18,15,18,15,19,20,22,23,
1,2,3,4,5,6,21,6,7,8,16,17,9,10,11,12,13,14,15,19,20,22,23,
1,2,3,4,5,6,21,6,7,8,9,16,17,10,11,12,13,14,15,18,15,19,20,22,23,
1,2,3,4,5,6,21,6,7,8,9,16,17,10,11,12,13,14,15,18,15,19,20,22,23,
1,2,3,4,5,6,22,23,
1,2,3,4,5,6,22,23,
1,2,3,4,5,6,22,23,
1,2,3,4,5,6,7,8,16,9,17,10,11,12,13,14,15,19,20,22,23,
1,2,3,4,5,6,21,6,21,6,21,6,7,16,8,12,13,14,15,17,19,20,22,23,
1,2,3,4,5,6,7,8,16,9,17,10,11,12,13,14,15,19,20,22,23,
1,2,3,4,5,6,21,6,7,8,16,17,9,10,11,12,13,14,15,19,20,22,23,
1,2,3,4,5,6,21,6,7,8,16,9,17,10,11,12,13,14,15,19,20,22,23,
1,2,3,4,5,6,7,8,12,16,17,13,14,15,18,15,18,15,19,20,22,23,
1,2,3,4,5,6,7,8,16,17,9,10,11,12,13,14,15,19,20,22,23,
1,2,3,4,5,6,7,8,16,17,9,10,11,12,13,14,15,19,20,22,23,
1,2,3,4,5,6,7,8,16,17,9,10,11,12,13,14,15,19,20,22,23,
1,2,3,4,5,6,7,8,16,17,9,10,11,12,13,14,15,19,20,22,23,
1,2,3,4,5,6,7,8,16,17,9,10,11,12,13,14,15,19,20,22,23,
1,2,3,4,5,6,21,6,7,16,17,8,9,10,11,12,13,14,15,19,20,22,23,
1,2,3,4,5,6,7,8,16,12,17,13,14,15,19,20,22,23,
1,2,3,4,5,6,7,8,16,17,9,10,11,12,13,14,15,19,20,22,23,
1,2,3,4,5,6,7,8,16,12,17,13,14,15,19,20,22,23,
1,2,3,4,5,6,7,8,16,12,17,13,14,15,19,20,22,23,
1,2,3,4,5,6,7,8,16,12,17,13,14,15,19,20,22,23,
1,2,3,4,5,6,21,6,7,16,17,8,9,10,11,12,13,14,15,18,15,19,20,22,23,
1,2,3,4,5,6,7,16,8,17,12,13,14,15,18,15,18,15,19,20,22,23,
1,2,3,4,5,6,7,8,16,17,12,13,14,15,18,15,18,15,19,20,22,23,
1,2,3,4,5,6,7,8,16,17,12,13,14,15,18,15,18,15,19,20,22,23,
1,2,3,4,5,6,7,16,8,17,9,10,11,12,13,14,15,18,15,19,20,22,23,
1,2,3,4,5,6,7,8,16,17,12,13,14,15,18,15,18,15,19,20,22,23,
1,2,3,4,5,6,7,8,16,17,12,13,14,15,18,15,18,15,19,20,22,23,
1,2,3,4,5,6,21,6,7,16,17,8,12,13,14,15,18,15,19,20,22,23,
1,2,3,4,5,6,21,6,7,16,8,9,17,10,11,12,13,14,15,19,20,22,23,
1,2,3,4,5,6,21,6,7,8,16,17,12,13,14,15,19,20,22,23,
1,2,3,4,5,6,21,6,7,8,16,17,12,13,14,15,19,20,22,23,
1,2,3,4,5,6,21,6,7,8,16,17,12,13,14,15,19,20,22,23,
1,2,3,4,5,6,21,6,7,8,16,12,13,17,14,15,19,20,22,23,
1,2,3,4,5,6,7,16,8,17,9,10,11,12,13,14,15,18,15,18,15,19,20,22,23,
1,2,3,4,5,6,7,16,8,17,9,10,11,12,13,14,15,18,15,18,15,19,20,22,23,
1,2,3,4,5,6,7,8,12,13,14,15,16,17,19,20,22,23,
1,2,3,4,5,6,7,16,8,17,9,10,11,12,13,14,15,19,20,22,23,
1,2,3,4,5,6,7,8,16,17,12,13,14,15,18,15,18,15,18,15,18,15,18,15,18,15,19,20,22,23,
1,2,3,4,5,6,7,16,8,17,9,10,11,12,13,14,15,19,20,22,23,
1,2,3,4,5,6,7,16,8,17,9,10,11,12,13,14,15,19,20,22,23,
1,2,3,4,5,6,7,8,16,17,12,13,14,15,18,15,18,15,18,15,19,20,22,23,
1,2,3,4,5,6,21,6,21,6,7,16,17,8,12,13,14,15,18,15,18,15,18,15,19,20,22,23,
1,2,3,4,5,6,7,8,16,17,12,13,14,15,18,15,18,15,18,15,19,20,22,23,
1,2,3,4,5,6,7,8,9,16,17,10,11,12,13,14,15,18,15,19,20,22,23,
1,2,3,4,5,6,7,8,9,16,17,10,11,12,13,14,15,18,15,19,20,22,23,
1,2,3,4,5,6,21,6,21,6,21,6,22,23,
1,2,3,4,5,6,21,6,21,6,21,6,22,23,
1,2,3,4,5,6,21,6,21,6,7,16,8,17,9,10,11,12,13,14,15,19,20,22,23,
1,2,3,4,5,6,22,23,
1,2,3,4,5,6,22,23,
1,2,3,4,5,6,22,23,
1,2,3,4,5,6,22,23,
1,2,3,4,5,6,22,23,
1,2,3,4,5,6,22,23,
1,2,3,4,5,6,22,23,
1,2,3,4,5,6,22,23,
1,2,3,4,5,6,21,6,22,23,
1,2,3,4,5,6,21,6,22,23,
1,2,3,4,5,6,21,6,22,23,
1,2,3,4,5,6,21,6,22,23,
1,2,3,4,5,6,21,6,7,16,8,12,13,17,14,15,18,15,19,20,22,23,
1,2,3,4,5,6,22,23,
1,2,3,4,5,6,22,23,
1,2,3,4,5,6,21,6,22,23,
1,2,3,4,5,6,22,23,
1,2,3,4,5,6,21,6,22,23,
1,2,3,4,5,6,21,6,21,6,21,6,7,16,17,8,12,13,14,15,19,20,22,23,
1,2,3,4,5,6,21,6,22,23,
1,2,3,4,5,6,21,6,22,23,
1,2,3,4,5,6,21,6,22,23,
1,2,3,4,5,6,21,6,22,23,
1,2,3,4,5,6,7,16,8,12,13,17,14,15,19,20,22,23,
1,2,3,4,5,6,7,16,8,12,13,17,14,15,19,20,22,23,
1,2,3,4,5,6,21,6,21,6,7,16,17,8,9,10,11,12,13,14,15,18,15,18,15,18,15,18,15,18,15,18,15,19,20,22,23,
1,2,3,4,5,6,22,23,
1,2,3,4,5,6,22,23,
1,2,3,4,5,6,22,23,
1,2,3,4,5,6,22,23,
1,2,3,4,5,6,22,23,
1,2,3,4,5,6,22,23,
1,2,3,4,5,6,22,23,
1,2,3,4,5,6,22,23,
1,2,3,4,5,6,22,23,
1,2,3,4,5,6,22,23,
1,2,3,4,5,6,22,23,
1,2,3,4,5,6,7,16,8,9,17,10,11,12,13,14,15,18,15,18,15,18,15,19,20,22,23,
1,2,3,4,5,6,7,16,17,8,12,13,14,15,18,15,18,15,18,15,19,20,22,23,
1,2,3,4,5,6,7,8,16,17,12,13,14,15,18,15,19,20,22,23,
1,2,3,4,5,6,7,16,8,9,17,10,11,12,13,14,15,18,15,18,15,18,15,19,20,22,23,
1,2,3,4,5,6,7,8,16,12,17,13,14,15,18,15,19,20,22,23,
1,2,3,4,5,6,7,16,17,8,12,13,14,15,18,15,18,15,18,15,19,20,22,23,
1,2,3,4,5,6,21,6,7,8,12,13,16,14,17,15,19,20,22,23,
1,2,3,4,5,6,7,8,16,12,17,13,14,15,18,15,19,20,22,23,
1,2,3,4,5,6,7,16,17,8,12,13,14,15,18,15,18,15,18,15,19,20,22,23,
1,2,3,4,5,6,7,16,17,8,12,13,14,15,18,15,18,15,18,15,19,20,22,23,
1,2,3,4,5,6,22,23,
1,2,3,4,5,6,22,23,
1,2,3,4,5,6,7,8,16,17,12,13,14,15,18,15,19,20,22,23,
1,2,3,4,5,6,22,23,
1,2,3,4,5,6,7,8,16,17,12,13,14,15,18,15,19,20,22,23,
1,2,3,4,5,6,22,23,
1,2,3,4,5,6,7,8,16,17,12,13,14,15,18,15,19,20,22,23,
1,2,3,4,5,6,7,8,16,12,13,17,14,15,18,15,19,20,22,23,
1,2,3,4,5,6,22,23,
1,2,3,4,5,6,7,8,16,17,12,13,14,15,18,15,19,20,22,23,
1,2,3,4,5,6,22,23,
1,2,3,4,5,6,22,23,
1,2,3,4,5,6,22,23,
1,2,3,4,5,6,22,23,
1,2,3,4,5,6,21,6,7,8,16,12,13,17,14,15,18,15,19,20,22,23,
1,2,3,4,5,6,22,23,
1,2,3,4,5,6,7,8,16,17,9,10,11,12,13,14,15,18,15,19,20,22,23,
1,2,3,4,5,6,7,8,16,17,9,10,11,12,13,14,15,18,15,19,20,22,23,
1,2,3,4,5,6,22,23,
1,2,3,4,5,6,21,6,21,6,21,6,7,8,9,16,17,10,11,12,13,14,15,19,20,22,23,
1,2,3,4,5,6,21,6,21,6,21,6,7,8,9,16,17,10,11,12,13,14,15,19,20,22,23,
1,2,3,4,5,6,7,8,16,12,13,14,17,15,19,20,22,23,
1,2,3,4,5,6,22,23,
1,2,3,4,5,6,22,23,
1,2,3,4,5,6,22,23,
1,2,3,4,5,6,22,23,
1,2,3,4,5,6,22,23,
1,2,3,4,5,6,21,6,21,6,21,6,21,6,21,6,21,6,7,8,16,12,17,13,14,15,18,15,19,20,22,23,
1,2,3,4,5,6,7,16,17,8,9,10,11,12,13,14,15,19,20,22,23,
1,2,3,4,5,6,7,16,17,8,9,10,11,12,13,14,15,19,20,22,23,
1,2,3,4,5,6,7,16,17,8,9,10,11,12,13,14,15,19,20,22,23,
1,2,3,4,5,6,21,6,7,16,17,8,12,13,14,15,18,15,18,15,19,20,22,23,
1,2,3,4,5,6,7,8,12,13,16,14,17,15,19,20,22,23,
1,2,3,4,5,6,21,6,21,6,21,6,7,16,17,8,9,10,11,12,13,14,15,18,15,19,20,22,23,
1,2,3,4,5,6,7,16,17,8,9,10,11,12,13,14,15,18,15,19,20,22,23,
1,2,3,4,5,6,7,16,17,8,9,10,11,12,13,14,15,18,15,19,20,22,23,
1,2,3,4,5,6,7,16,17,8,9,10,11,12,13,14,15,18,15,19,20,22,23,
1,2,3,4,5,6,21,6,7,16,8,17,12,13,14,15,19,20,22,23,
1,2,3,4,5,6,21,6,7,8,16,9,17,10,11,12,13,14,15,18,15,19,20,22,23,
1,2,3,4,5,6,21,6,7,8,16,9,17,10,11,12,13,14,15,18,15,19,20,22,23,
1,2,3,4,5,6,21,6,21,6,7,8,16,17,12,13,14,15,18,15,19,20,22,23,
1,2,3,4,5,6,7,8,9,16,17,10,11,12,13,14,15,18,15,18,15,18,15,19,20,22,23,
1,2,3,4,5,6,7,8,9,16,17,10,11,12,13,14,15,18,15,18,15,18,15,19,20,22,23,
1,2,3,4,5,6,21,6,21,6,22,23,
1,2,3,4,5,6,21,6,21,6,22,23,
1,2,3,4,5,6,21,6,21,6,22,23,
1,2,3,4,5,6,7,8,16,17,12,13,14,15,18,15,18,15,18,15,18,15,18,15,19,20,22,23,
1,2,3,4,5,6,21,6,21,6,22,23,
1,2,3,4,5,6,21,6,21,6,22,23,
1,2,3,4,5,6,21,6,21,6,7,8,16,17,9,10,11,12,13,14,15,19,20,22,23,
1,2,3,4,5,6,21,6,21,6,22,23,
1,2,3,4,5,6,21,6,7,16,17,8,12,13,14,15,19,20,22,23,
1,2,3,4,5,6,7,8,16,9,17,10,11,12,13,14,15,18,15,18,15,19,20,22,23,
1,2,3,4,5,6,21,6,21,6,22,23,
1,2,3,4,5,6,21,6,7,16,17,8,12,13,14,15,19,20,22,23,
1,2,3,4,5,6,7,8,16,9,17,10,11,12,13,14,15,18,15,18,15,19,20,22,23,
1,2,3,4,5,6,21,6,21,6,22,23,
1,2,3,4,5,6,21,6,7,16,17,8,12,13,14,15,19,20,22,23,
1,2,3,4,5,6,21,6,21,6,22,23,
1,2,3,4,5,6,21,6,21,6,21,6,7,16,8,17,12,13,14,15,19,20,22,23,
1,2,3,4,5,6,7,16,8,9,17,10,11,12,13,14,15,18,15,18,15,19,20,22,23,
1,2,3,4,5,6,7,8,16,12,13,14,15,17,19,20,22,23,
1,2,3,4,5,6,7,8,16,12,13,17,14,15,18,15,18,15,18,15,19,20,22,23,
1,2,3,4,5,6,21,6,7,8,16,17,12,13,14,15,18,15,19,20,22,23,
1,2,3,4,5,6,21,6,7,8,16,17,12,13,14,15,18,15,19,20,22,23,
1,2,3,4,5,6,21,6,7,8,16,17,12,13,14,15,18,15,19,20,22,23,
1,2,3,4,5,6,22,23,
1,2,3,4,5,6,22,23,
1,2,3,4,5,6,22,23,
1,2,3,4,5,6,22,23,
1,2,3,4,5,6,22,23,
1,2,3,4,5,6,21,6,22,23,
1,2,3,4,5,6,22,23,
1,2,3,4,5,6,21,6,22,23,
1,2,3,4,5,6,7,8,9,16,17,10,11,12,13,14,15,18,15,18,15,19,20,22,23,
1,2,3,4,5,6,22,23,
1,2,3,4,5,6,7,16,8,17,12,13,14,15,18,15,19,20,22,23,
1,2,3,4,5,6,21,6,22,23,
1,2,3,4,5,6,7,8,9,16,17,10,11,12,13,14,15,18,15,18,15,19,20,22,23,
1,2,3,4,5,6,22,23,
1,2,3,4,5,6,7,16,8,17,12,13,14,15,18,15,19,20,22,23,
1,2,3,4,5,6,21,6,22,23,
1,2,3,4,5,6,7,8,12,16,17,13,14,15,18,15,18,15,18,15,18,15,18,15,18,15,19,20,22,23,
1,2,3,4,5,6,7,8,9,16,17,10,11,12,13,14,15,18,15,18,15,19,20,22,23,
1,2,3,4,5,6,22,23,
1,2,3,4,5,6,22,23,