1,2,3,4,13,14,15,16,17,18,19,20,23,24,25,27,4,13,14,15,16,17,18,19,20,22,26,28,29,
1,2,3,4,5,7,9,6,11,8,10,7,12,13,14,15,16,17,18,19,20,23,24,25,27,4,13,15,14,16,17,18,19,13,14,15,16,17,18,19,13,14,15,16,17,18,19,20,22,26,28,29,
1,2,3,4,13,14,15,16,17,18,19,20,23,24,25,27,4,5,6,7,12,13,14,15,16,17,18,19,13,14,15,16,17,18,19,13,14,15,16,17,18,19,13,15,14,16,17,18,19,13,14,15,16,17,18,19,20,23,24,25,27,4,5,7,6,12,13,14,15,16,17,18,19,20,22,26,28,29,
1,2,3,4,5,6,7,9,11,12,13,15,14,16,17,18,19,13,14,15,16,17,18,19,20,21,26,28,29,
1,2,3,4,5,7,9,11,6,8,10,6,12,13,15,14,16,17,18,19,20,21,26,28,29,
1,2,3,4,5,7,6,8,10,9,11,12,13,14,15,16,17,18,19,13,14,15,16,17,18,19,20,22,26,28,29,
1,2,3,4,5,6,8,7,10,9,11,12,13,14,15,16,17,18,19,20,23,25,24,27,4,13,14,15,16,17,18,19,20,21,26,28,29,
1,2,3,4,13,14,15,16,17,18,19,13,14,15,16,17,18,19,20,23,24,25,27,4,5,7,6,12,13,14,15,16,17,18,19,13,15,14,16,17,18,19,20,23,25,24,27,4,5,7,6,9,11,8,10,7,9,11,12,13,15,14,16,17,18,19,20,23,25,24,27,4,13,14,15,16,17,18,19,20,23,25,24,27,4,5,6,7,8,10,9,11,7,9,11,7,12,13,14,15,16,17,18,19,20,22,26,28,29,
1,2,3,4,13,14,15,16,17,18,19,20,23,24,25,27,4,5,7,9,6,11,12,13,15,14,16,17,18,19,13,15,14,16,17,18,19,13,14,15,16,17,18,19,13,14,15,16,17,18,19,13,14,15,16,17,18,19,20,22,26,28,29,
1,2,3,4,5,7,6,8,10,6,12,13,15,14,16,17,18,19,20,21,26,28,29,
1,2,3,4,5,7,6,12,13,14,15,16,17,18,19,13,15,14,16,17,18,19,13,14,15,16,17,18,19,20,21,26,28,29,
1,2,3,4,5,6,7,12,13,15,14,16,17,18,19,13,14,15,16,17,18,19,13,14,15,16,17,18,19,13,14,15,16,17,18,19,13,15,14,16,17,18,19,20,23,25,24,27,4,13,15,14,16,17,18,19,13,14,15,16,17,18,19,13,14,15,16,17,18,19,20,21,26,28,29,
1,2,3,4,5,7,6,9,11,12,13,15,14,16,17,18,19,13,15,14,16,17,18,19,13,15,14,16,17,18,19,13,14,15,16,17,18,19,20,21,26,28,29,
1,2,3,4,13,14,15,16,17,18,19,13,14,15,16,17,18,19,13,14,15,16,17,18,19,13,14,15,16,17,18,19,13,14,15,16,17,18,19,20,22,26,28,29,
1,2,3,4,13,14,15,16,17,18,19,20,23,24,25,27,4,13,15,14,16,17,18,19,13,14,15,16,17,18,19,13,14,15,16,17,18,19,13,15,14,16,17,18,19,13,15,14,16,17,18,19,20,22,26,28,29,
1,2,3,4,13,15,14,16,17,18,19,13,14,15,16,17,18,19,13,15,14,16,17,18,19,13,15,14,16,17,18,19,20,23,25,24,27,4,5,6,8,10,7,12,13,14,15,16,17,18,19,20,23,25,24,27,4,13,15,14,16,17,18,19,20,23,24,25,27,4,5,6,7,9,11,7,9,11,7,9,11,7,9,11,7,9,11,12,13,15,14,16,17,18,19,20,22,26,28,29,
1,2,3,4,5,6,8,10,6,7,12,13,15,14,16,17,18,19,20,22,26,28,29,
1,2,3,4,5,7,6,12,13,14,15,16,17,18,19,20,23,25,24,27,4,5,6,7,12,13,14,15,16,17,18,19,13,14,15,16,17,18,19,20,23,25,24,27,4,5,7,9,6,8,11,10,12,13,15,14,16,17,18,19,20,22,26,28,29,
1,2,3,4,13,14,15,16,17,18,19,13,14,15,16,17,18,19,20,22,26,28,29,
1,2,3,4,13,14,15,16,17,18,19,13,14,15,16,17,18,19,20,22,26,28,29,
1,2,3,4,13,14,15,16,17,18,19,20,23,25,24,27,4,13,14,15,16,17,18,19,20,22,26,28,29,
1,2,3,4,5,6,8,10,7,12,13,14,15,16,17,18,19,13,14,15,16,17,18,19,13,15,14,16,17,18,19,20,21,26,28,29,
1,2,3,4,13,15,14,16,17,18,19,13,14,15,16,17,18,19,13,14,15,16,17,18,19,13,15,14,16,17,18,19,20,23,25,24,27,4,13,15,14,16,17,18,19,13,14,15,16,17,18,19,13,14,15,16,17,18,19,13,14,15,16,17,18,19,20,23,24,25,27,4,13,14,15,16,17,18,19,20,22,26,28,29,
1,2,3,4,13,14,15,16,17,18,19,13,14,15,16,17,18,19,20,22,26,28,29,
1,2,3,4,13,15,14,16,17,18,19,13,15,14,16,17,18,19,20,23,25,24,27,4,13,14,15,16,17,18,19,20,21,26,28,29,
1,2,3,4,5,7,6,8,10,6,12,13,14,15,16,17,18,19,20,21,26,28,29,
1,2,3,4,5,6,7,12,13,14,15,16,17,18,19,20,23,24,25,27,4,5,7,6,12,13,14,15,16,17,18,19,20,23,24,25,27,4,5,6,7,8,10,6,12,13,14,15,16,17,18,19,20,23,25,24,27,4,5,6,7,9,11,12,13,14,15,16,17,18,19,20,23,25,24,27,4,13,15,14,16,17,18,19,20,23,25,24,27,4,13,15,14,16,17,18,19,13,14,15,16,17,18,19,20,22,26,28,29,
1,2,3,4,5,7,6,8,10,6,12,13,14,15,16,17,18,19,20,21,26,28,29,
1,2,3,4,5,7,9,11,6,12,13,14,15,16,17,18,19,20,23,24,25,27,4,5,6,8,7,10,9,11,12,13,14,15,16,17,18,19,13,15,14,16,17,18,19,13,14,15,16,17,18,19,20,23,24,25,27,4,5,6,8,7,9,10,11,7,6,9,8,11,10,12,13,14,15,16,17,18,19,20,23,24,25,27,4,5,6,7,8,10,9,11,6,7,8,10,6,8,10,9,11,7,9,11,7,12,13,14,15,16,17,18,19,20,22,26,28,29,
1,2,3,4,13,14,15,16,17,18,19,13,14,15,16,17,18,19,13,15,14,16,17,18,19,13,14,15,16,17,18,19,13,14,15,16,17,18,19,20,23,25,24,27,4,13,15,14,16,17,18,19,13,15,14,16,17,18,19,13,14,15,16,17,18,19,13,15,14,16,17,18,19,20,23,24,25,27,4,13,15,14,16,17,18,19,13,15,14,16,17,18,19,13,15,14,16,17,18,19,13,15,14,16,17,18,19,13,14,15,16,17,18,19,20,22,26,28,29,
1,2,3,4,13,14,15,16,17,18,19,20,23,25,24,27,4,13,15,14,16,17,18,19,13,14,15,16,17,18,19,13,14,15,16,17,18,19,20,23,25,24,27,4,13,14,15,16,17,18,19,13,14,15,16,17,18,19,20,23,25,24,27,4,5,7,6,8,10,12,13,15,14,16,17,18,19,20,23,25,24,27,4,13,15,14,16,17,18,19,20,21,26,28,29,
1,2,3,4,5,6,8,10,7,9,11,7,6,12,13,14,15,16,17,18,19,13,15,14,16,17,18,19,13,14,15,16,17,18,19,13,14,15,16,17,18,19,20,21,26,28,29,
1,2,3,4,13,14,15,16,17,18,19,20,23,25,24,27,4,5,7,6,8,10,6,12,13,15,14,16,17,18,19,13,14,15,16,17,18,19,13,14,15,16,17,18,19,20,23,25,24,27,4,5,7,6,12,13,15,14,16,17,18,19,20,23,25,24,27,4,13,14,15,16,17,18,19,20,22,26,28,29,
1,2,3,4,5,6,8,10,7,9,11,7,12,13,14,15,16,17,18,19,20,22,26,28,29,
1,2,3,4,13,14,15,16,17,18,19,13,14,15,16,17,18,19,13,14,15,16,17,18,19,13,14,15,16,17,18,19,13,14,15,16,17,18,19,13,14,15,16,17,18,19,20,21,26,28,29,
1,2,3,4,13,14,15,16,17,18,19,13,15,14,16,17,18,19,20,23,25,24,27,4,5,6,7,9,11,7,12,13,15,14,16,17,18,19,20,23,24,25,27,4,5,7,9,6,11,12,13,14,15,16,17,18,19,20,23,25,24,27,4,13,14,15,16,17,18,19,13,15,14,16,17,18,19,20,21,26,28,29,
1,2,3,4,5,7,6,12,13,15,14,16,17,18,19,13,14,15,16,17,18,19,20,21,26,28,29,
1,2,3,4,5,7,6,12,13,15,14,16,17,18,19,13,14,15,16,17,18,19,20,21,26,28,29,
1,2,3,4,5,7,6,8,10,6,8,10,12,13,15,14,16,17,18,19,20,23,25,24,27,4,13,15,14,16,17,18,19,13,14,15,16,17,18,19,20,21,26,28,29,
1,2,3,4,5,7,6,12,13,15,14,16,17,18,19,13,14,15,16,17,18,19,20,21,26,28,29,
1,2,3,4,5,7,9,11,6,8,10,6,12,13,15,14,16,17,18,19,13,14,15,16,17,18,19,13,14,15,16,17,18,19,20,22,26,28,29,
1,2,3,4,13,15,14,16,17,18,19,20,23,25,24,27,4,13,14,15,16,17,18,19,20,23,25,24,27,4,13,14,15,16,17,18,19,20,22,26,28,29,
1,2,3,4,5,6,7,12,13,15,14,16,17,18,19,20,21,26,28,29,
1,2,3,4,13,15,14,16,17,18,19,13,15,14,16,17,18,19,13,15,14,16,17,18,19,13,14,15,16,17,18,19,20,21,26,28,29,
1,2,3,4,5,6,7,12,13,15,14,16,17,18,19,20,21,26,28,29,
1,2,3,4,13,15,14,16,17,18,19,13,14,15,16,17,18,19,20,22,26,28,29,
1,2,3,4,13,14,15,16,17,18,19,20,23,25,24,27,4,5,7,9,6,11,8,10,6,12,13,14,15,16,17,18,19,13,15,14,16,17,18,19,20,22,26,28,29,
1,2,3,4,13,14,15,16,17,18,19,13,15,14,16,17,18,19,20,23,25,24,27,4,13,14,15,16,17,18,19,20,23,24,25,27,4,5,7,6,9,11,7,12,13,14,15,16,17,18,19,20,21,26,28,29,
1,2,3,4,5,7,6,12,13,14,15,16,17,18,19,20,21,26,28,29,
1,2,3,4,5,7,6,12,13,14,15,16,17,18,19,20,21,26,28,29,
1,2,3,4,13,14,15,16,17,18,19,20,23,24,25,27,4,5,7,6,9,11,12,13,14,15,16,17,18,19,13,14,15,16,17,18,19,20,22,26,28,29,
1,2,3,4,5,7,9,6,8,10,11,7,9,11,6,7,8,10,6,12,13,14,15,16,17,18,19,20,21,26,28,29,
1,2,3,4,5,6,8,10,7,9,11,7,12,13,14,15,16,17,18,19,13,14,15,16,17,18,19,20,23,24,25,27,4,5,6,7,12,13,14,15,16,17,18,19,13,14,15,16,17,18,19,20,23,25,24,27,4,5,6,7,9,11,7,9,11,7,9,11,7,12,13,14,15,16,17,18,19,13,15,14,16,17,18,19,13,15,14,16,17,18,19,13,15,14,16,17,18,19,13,15,14,16,17,18,19,20,23,24,25,27,4,5,6,7,9,11,7,8,10,6,12,13,14,15,16,17,18,19,20,23,25,24,27,4,13,14,15,16,17,18,19,13,14,15,16,17,18,19,20,21,26,28,29,
1,2,3,4,5,6,8,10,7,12,13,14,15,16,17,18,19,20,22,26,28,29,
1,2,3,4,5,7,9,11,7,9,11,6,8,10,6,8,10,12,13,14,15,16,17,18,19,13,14,15,16,17,18,19,13,14,15,16,17,18,19,20,21,26,28,29,
1,2,3,4,13,15,14,16,17,18,19,20,23,25,24,27,4,13,14,15,16,17,18,19,20,21,26,28,29,
1,2,3,4,13,14,15,16,17,18,19,13,14,15,16,17,18,19,20,23,25,24,27,4,5,7,6,12,13,15,14,16,17,18,19,20,23,24,25,27,4,5,6,7,9,11,7,9,11,12,13,14,15,16,17,18,19,20,22,26,28,29,
1,2,3,4,5,7,6,9,11,7,9,11,12,13,15,14,16,17,18,19,20,23,24,25,27,4,13,14,15,16,17,18,19,20,23,25,24,27,4,13,15,14,16,17,18,19,13,15,14,16,17,18,19,20,23,25,24,27,4,5,7,6,8,10,9,6,11,12,13,14,15,16,17,18,19,20,21,26,28,29,
1,2,3,4,5,6,7,12,13,14,15,16,17,18,19,13,15,14,16,17,18,19,13,14,15,16,17,18,19,13,14,15,16,17,18,19,13,14,15,16,17,18,19,13,14,15,16,17,18,19,13,14,15,16,17,18,19,20,22,26,28,29,
1,2,3,4,13,15,14,16,17,18,19,20,23,24,25,27,4,5,6,7,9,11,12,13,14,15,16,17,18,19,13,15,14,16,17,18,19,13,15,14,16,17,18,19,13,14,15,16,17,18,19,20,23,24,25,27,4,5,6,7,9,11,12,13,14,15,16,17,18,19,20,23,24,25,27,4,13,14,15,16,17,18,19,13,15,14,16,17,18,19,13,14,15,16,17,18,19,20,21,26,28,29,
1,2,3,4,5,7,6,12,13,14,15,16,17,18,19,20,23,25,24,27,4,5,6,7,12,13,15,14,16,17,18,19,13,14,15,16,17,18,19,13,14,15,16,17,18,19,20,21,26,28,29,
1,2,3,4,5,7,6,8,10,12,13,14,15,16,17,18,19,20,23,24,25,27,4,13,14,15,16,17,18,19,20,23,25,24,27,4,13,14,15,16,17,18,19,20,23,25,24,27,4,5,6,7,9,11,7,9,11,8,10,7,12,13,14,15,16,17,18,19,13,14,15,16,17,18,19,13,14,15,16,17,18,19,20,23,25,24,27,4,5,6,7,9,8,11,10,12,13,15,14,16,17,18,19,20,23,25,24,27,4,13,14,15,16,17,18,19,20,21,26,28,29,
1,2,3,4,5,6,8,7,9,11,7,10,6,9,11,8,10,6,8,10,12,13,15,14,16,17,18,19,13,14,15,16,17,18,19,13,14,15,16,17,18,19,20,21,26,28,29,
1,2,3,4,5,7,9,6,11,7,12,13,15,14,16,17,18,19,20,21,26,28,29,
1,2,3,4,13,15,14,16,17,18,19,13,15,14,16,17,18,19,20,22,26,28,29,
1,2,3,4,5,6,7,8,10,6,12,13,14,15,16,17,18,19,13,14,15,16,17,18,19,20,21,26,28,29,
1,2,3,4,13,14,15,16,17,18,19,13,15,14,16,17,18,19,13,15,14,16,17,18,19,20,22,26,28,29,
1,2,3,4,5,7,9,6,8,10,11,7,12,13,15,14,16,17,18,19,20,23,24,25,27,4,5,7,9,6,11,8,10,6,12,13,15,14,16,17,18,19,20,23,24,25,27,4,5,7,9,6,11,12,13,14,15,16,17,18,19,13,15,14,16,17,18,19,20,23,25,24,27,4,5,6,7,8,10,9,11,7,12,13,14,15,16,17,18,19,20,21,26,28,29,
1,2,3,4,5,7,6,9,11,12,13,14,15,16,17,18,19,13,15,14,16,17,18,19,13,14,15,16,17,18,19,20,23,25,24,27,4,13,15,14,16,17,18,19,20,23,25,24,27,4,5,7,6,8,10,6,8,10,12,13,14,15,16,17,18,19,20,23,24,25,27,4,13,14,15,16,17,18,19,20,22,26,28,29,
1,2,3,4,13,14,15,16,17,18,19,13,15,14,16,17,18,19,20,23,24,25,27,4,5,6,8,7,10,6,12,13,14,15,16,17,18,19,20,22,26,28,29,
1,2,3,4,5,6,7,8,10,6,12,13,15,14,16,17,18,19,13,14,15,16,17,18,19,20,22,26,28,29,
1,2,3,4,5,6,7,12,13,14,15,16,17,18,19,13,14,15,16,17,18,19,13,14,15,16,17,18,19,13,15,14,16,17,18,19,20,21,26,28,29,
1,2,3,4,5,7,6,12,13,14,15,16,17,18,19,13,14,15,16,17,18,19,20,23,25,24,27,4,13,14,15,16,17,18,19,13,15,14,16,17,18,19,13,14,15,16,17,18,19,13,14,15,16,17,18,19,20,23,25,24,27,4,13,14,15,16,17,18,19,20,22,26,28,29,
1,2,3,4,5,6,8,10,7,9,11,7,12,13,14,15,16,17,18,19,20,23,25,24,27,4,5,7,6,12,13,14,15,16,17,18,19,13,15,14,16,17,18,19,20,23,25,24,27,4,13,15,14,16,17,18,19,13,14,15,16,17,18,19,13,14,15,16,17,18,19,13,14,15,16,17,18,19,20,23,24,25,27,4,13,15,14,16,17,18,19,13,14,15,16,17,18,19,13,14,15,16,17,18,19,20,21,26,28,29,
1,2,3,4,13,14,15,16,17,18,19,13,14,15,16,17,18,19,13,14,15,16,17,18,19,20,21,26,28,29,
1,2,3,4,13,14,15,16,17,18,19,20,21,26,28,29,
1,2,3,4,13,14,15,16,17,18,19,13,15,14,16,17,18,19,13,14,15,16,17,18,19,13,14,15,16,17,18,19,13,14,15,16,17,18,19,13,14,15,16,17,18,19,20,23,25,24,27,4,13,14,15,16,17,18,19,20,22,26,28,29,
1,2,3,4,5,7,9,11,6,7,9,11,7,12,13,14,15,16,17,18,19,20,22,26,28,29,
1,2,3,4,5,6,8,10,7,9,11,12,13,14,15,16,17,18,19,20,23,24,25,27,4,13,15,14,16,17,18,19,13,14,15,16,17,18,19,20,23,24,25,27,4,5,7,6,12,13,14,15,16,17,18,19,13,14,15,16,17,18,19,20,23,25,24,27,4,13,15,14,16,17,18,19,13,14,15,16,17,18,19,20,22,26,28,29,
1,2,3,4,13,14,15,16,17,18,19,13,14,15,16,17,18,19,13,14,15,16,17,18,19,20,21,26,28,29,
1,2,3,4,13,14,15,16,17,18,19,13,14,15,16,17,18,19,13,14,15,16,17,18,19,20,21,26,28,29,
1,2,3,4,5,7,9,11,6,8,10,12,13,15,14,16,17,18,19,13,14,15,16,17,18,19,20,23,25,24,27,4,13,14,15,16,17,18,19,13,15,14,16,17,18,19,13,14,15,16,17,18,19,13,15,14,16,17,18,19,20,21,26,28,29,
1,2,3,4,13,14,15,16,17,18,19,13,14,15,16,17,18,19,13,14,15,16,17,18,19,20,21,26,28,29,
1,2,3,4,5,7,9,11,6,7,9,11,7,9,11,7,9,11,7,12,13,14,15,16,17,18,19,13,14,15,16,17,18,19,13,14,15,16,17,18,19,13,15,14,16,17,18,19,13,14,15,16,17,18,19,20,22,26,28,29,
1,2,3,4,13,15,14,16,17,18,19,13,14,15,16,17,18,19,20,21,26,28,29,
1,2,3,4,5,6,7,8,10,12,13,14,15,16,17,18,19,20,23,24,25,27,4,5,6,8,7,10,12,13,15,14,16,17,18,19,20,22,26,28,29,
1,2,3,4,13,15,14,16,17,18,19,13,14,15,16,17,18,19,20,21,26,28,29,
1,2,3,4,13,14,15,16,17,18,19,20,21,26,28,29,
1,2,3,4,13,15,14,16,17,18,19,13,14,15,16,17,18,19,20,21,26,28,29,
1,2,3,4,13,14,15,16,17,18,19,13,15,14,16,17,18,19,20,23,24,25,27,4,13,15,14,16,17,18,19,13,15,14,16,17,18,19,20,23,25,24,27,4,5,6,7,12,13,14,15,16,17,18,19,20,22,26,28,29,
1,2,3,4,13,15,14,16,17,18,19,13,14,15,16,17,18,19,20,21,26,28,29,
1,2,3,4,5,6,7,8,10,12,13,14,15,16,17,18,19,20,23,24,25,27,4,13,14,15,16,17,18,19,20,23,25,24,27,4,13,14,15,16,17,18,19,20,23,25,24,27,4,5,7,6,12,13,14,15,16,17,18,19,20,23,25,24,27,4,5,7,6,12,13,14,15,16,17,18,19,13,15,14,16,17,18,19,13,14,15,16,17,18,19,20,23,24,25,27,4,5,6,8,10,6,7,8,10,6,8,10,12,13,14,15,16,17,18,19,20,21,26,28,29,
1,2,3,4,13,15,14,16,17,18,19,20,23,25,24,27,4,5,6,7,12,13,14,15,16,17,18,19,20,22,26,28,29,
1,2,3,4,5,6,7,12,13,14,15,16,17,18,19,20,23,24,25,27,4,5,6,7,8,10,12,13,14,15,16,17,18,19,20,21,26,28,29,
1,2,3,4,13,15,14,16,17,18,19,13,15,14,16,17,18,19,20,21,26,28,29,
1,2,3,4,13,15,14,16,17,18,19,20,23,25,24,27,4,13,14,15,16,17,18,19,13,14,15,16,17,18,19,13,14,15,16,17,18,19,20,23,24,25,27,4,5,6,7,12,13,14,15,16,17,18,19,20,23,25,24,27,4,5,7,6,9,11,12,13,14,15,16,17,18,19,20,21,26,28,29,
1,2,3,4,5,6,8,7,10,9,11,7,12,13,15,14,16,17,18,19,13,14,15,16,17,18,19,20,21,26,28,29,
1,2,3,4,13,14,15,16,17,18,19,20,23,24,25,27,4,13,15,14,16,17,18,19,20,23,24,25,27,4,5,7,6,8,10,6,8,10,12,13,14,15,16,17,18,19,13,14,15,16,17,18,19,13,14,15,16,17,18,19,20,23,25,24,27,4,13,15,14,16,17,18,19,13,15,14,16,17,18,19,20,23,25,24,27,4,5,6,7,8,10,6,8,10,12,13,14,15,16,17,18,19,20,21,26,28,29,
1,2,3,4,5,6,8,10,6,7,9,11,7,8,10,12,13,14,15,16,17,18,19,13,15,14,16,17,18,19,13,15,14,16,17,18,19,20,22,26,28,29,
1,2,3,4,5,6,7,12,13,14,15,16,17,18,19,13,14,15,16,17,18,19,20,23,24,25,27,4,5,6,7,9,11,12,13,14,15,16,17,18,19,20,23,25,24,27,4,5,6,8,7,10,6,9,11,12,13,14,15,16,17,18,19,20,22,26,28,29,
1,2,3,4,5,6,7,12,13,15,14,16,17,18,19,13,14,15,16,17,18,19,20,23,25,24,27,4,13,15,14,16,17,18,19,20,23,25,24,27,4,5,7,9,11,7,9,11,7,9,11,6,8,10,12,13,14,15,16,17,18,19,13,14,15,16,17,18,19,20,21,26,28,29,
1,2,3,4,5,7,6,9,11,7,9,11,12,13,14,15,16,17,18,19,20,23,24,25,27,4,5,6,7,9,11,12,13,14,15,16,17,18,19,20,23,25,24,27,4,5,7,9,6,11,7,12,13,14,15,16,17,18,19,13,14,15,16,17,18,19,20,23,25,24,27,4,13,15,14,16,17,18,19,13,15,14,16,17,18,19,13,14,15,16,17,18,19,13,15,14,16,17,18,19,20,22,26,28,29,
1,2,3,4,13,14,15,16,17,18,19,20,21,26,28,29,
1,2,3,4,13,14,15,16,17,18,19,20,21,26,28,29,
1,2,3,4,13,14,15,16,17,18,19,20,21,26,28,29,
1,2,3,4,5,6,7,9,11,12,13,14,15,16,17,18,19,13,15,14,16,17,18,19,20,22,26,28,29,
1,2,3,4,13,14,15,16,17,18,19,20,21,26,28,29,
1,2,3,4,13,14,15,16,17,18,19,13,15,14,16,17,18,19,13,15,14,16,17,18,19,13,14,15,16,17,18,19,20,23,25,24,27,4,5,6,7,12,13,14,15,16,17,18,19,20,23,24,25,27,4,5,6,7,9,11,12,13,14,15,16,17,18,19,20,22,26,28,29,
1,2,3,4,5,6,7,9,11,12,13,15,14,16,17,18,19,20,21,26,28,29,
1,2,3,4,13,14,15,16,17,18,19,20,21,26,28,29,
1,2,3,4,13,15,14,16,17,18,19,13,15,14,16,17,18,19,13,14,15,16,17,18,19,13,15,14,16,17,18,19,13,14,15,16,17,18,19,20,23,24,25,27,4,13,14,15,16,17,18,19,13,15,14,16,17,18,19,13,15,14,16,17,18,19,20,23,25,24,27,4,5,6,7,8,10,12,13,15,14,16,17,18,19,13,15,14,16,17,18,19,13,15,14,16,17,18,19,20,23,24,25,27,4,13,14,15,16,17,18,19,13,15,14,16,17,18,19,20,23,25,24,27,4,13,15,14,16,17,18,19,20,23,25,24,27,4,5,7,6,9,11,8,10,12,13,14,15,16,17,18,19,20,23,25,24,27,4,5,7,6,9,11,12,13,15,14,16,17,18,19,13,15,14,16,17,18,19,13,15,14,16,17,18,19,20,23,24,25,27,4,13,15,14,16,17,18,19,13,14,15,16,17,18,19,13,14,15,16,17,18,19,13,15,14,16,17,18,19,20,23,24,25,27,4,13,14,15,16,17,18,19,20,23,24,25,27,4,5,7,6,12,13,15,14,16,17,18,19,20,21,26,28,29,
1,2,3,4,13,14,15,16,17,18,19,20,21,26,28,29,
1,2,3,4,13,14,15,16,17,18,19,20,21,26,28,29,
1,2,3,4,5,7,6,8,10,6,8,10,12,13,15,14,16,17,18,19,13,14,15,16,17,18,19,13,14,15,16,17,18,19,13,14,15,16,17,18,19,20,22,26,28,29,
1,2,3,4,13,14,15,16,17,18,19,13,15,14,16,17,18,19,13,14,15,16,17,18,19,13,14,15,16,17,18,19,13,15,14,16,17,18,19,20,23,25,24,27,4,5,7,6,9,11,7,8,10,12,13,15,14,16,17,18,19,20,23,24,25,27,4,5,7,9,11,6,8,10,12,13,14,15,16,17,18,19,20,22,26,28,29,
1,2,3,4,13,14,15,16,17,18,19,20,21,26,28,29,
1,2,3,4,5,7,6,12,13,15,14,16,17,18,19,13,15,14,16,17,18,19,20,23,24,25,27,4,5,7,9,6,8,11,10,12,13,14,15,16,17,18,19,13,14,15,16,17,18,19,13,14,15,16,17,18,19,20,21,26,28,29,
1,2,3,4,5,6,7,12,13,14,15,16,17,18,19,20,21,26,28,29,
1,2,3,4,5,6,7,12,13,14,15,16,17,18,19,20,21,26,28,29,
1,2,3,4,13,14,15,16,17,18,19,20,21,26,28,29,
1,2,3,4,13,14,15,16,17,18,19,20,21,26,28,29,
1,2,3,4,13,14,15,16,17,18,19,13,15,14,16,17,18,19,13,14,15,16,17,18,19,13,14,15,16,17,18,19,13,15,14,16,17,18,19,20,21,26,28,29,
1,2,3,4,5,6,7,12,13,14,15,16,17,18,19,20,21,26,28,29,
1,2,3,4,5,6,7,8,10,9,11,7,9,11,12,13,14,15,16,17,18,19,13,14,15,16,17,18,19,20,23,25,24,27,4,13,15,14,16,17,18,19,20,23,24,25,27,4,13,14,15,16,17,18,19,20,23,25,24,27,4,5,6,7,9,11,8,10,6,12,13,14,15,16,17,18,19,20,23,25,24,27,4,13,15,14,16,17,18,19,13,14,15,16,17,18,19,20,23,25,24,27,4,13,14,15,16,17,18,19,20,23,24,25,27,4,5,7,6,9,11,7,12,13,15,14,16,17,18,19,20,23,25,24,27,4,13,14,15,16,17,18,19,13,15,14,16,17,18,19,20,22,26,28,29,
1,2,3,4,13,14,15,16,17,18,19,13,14,15,16,17,18,19,13,15,14,16,17,18,19,20,23,24,25,27,4,5,7,6,8,10,12,13,14,15,16,17,18,19,13,14,15,16,17,18,19,13,14,15,16,17,18,19,13,15,14,16,17,18,19,20,23,24,25,27,4,13,14,15,16,17,18,19,20,21,26,28,29,
1,2,3,4,5,6,7,9,11,12,13,14,15,16,17,18,19,20,23,25,24,27,4,13,15,14,16,17,18,19,20,21,26,28,29,
1,2,3,4,13,15,14,16,17,18,19,13,15,14,16,17,18,19,13,15,14,16,17,18,19,13,15,14,16,17,18,19,20,23,24,25,27,4,13,14,15,16,17,18,19,13,15,14,16,17,18,19,20,21,26,28,29,
1,2,3,4,5,7,6,9,11,8,10,12,13,14,15,16,17,18,19,13,14,15,16,17,18,19,20,23,25,24,27,4,5,7,9,11,6,8,10,7,6,12,13,14,15,16,17,18,19,20,22,26,28,29,
1,2,3,4,5,7,6,12,13,14,15,16,17,18,19,13,14,15,16,17,18,19,20,21,26,28,29,
1,2,3,4,13,15,14,16,17,18,19,13,14,15,16,17,18,19,13,14,15,16,17,18,19,13,14,15,16,17,18,19,20,23,24,25,27,4,13,14,15,16,17,18,19,13,14,15,16,17,18,19,13,14,15,16,17,18,19,13,14,15,16,17,18,19,13,15,14,16,17,18,19,20,23,24,25,27,4,5,7,6,8,10,6,12,13,14,15,16,17,18,19,20,21,26,28,29,
1,2,3,4,13,15,14,16,17,18,19,13,14,15,16,17,18,19,20,23,25,24,27,4,5,6,7,9,11,12,13,15,14,16,17,18,19,20,23,24,25,27,4,13,14,15,16,17,18,19,13,14,15,16,17,18,19,13,14,15,16,17,18,19,20,22,26,28,29,
1,2,3,4,5,7,6,8,10,6,12,13,15,14,16,17,18,19,20,23,25,24,27,4,5,7,6,9,11,12,13,14,15,16,17,18,19,13,14,15,16,17,18,19,20,21,26,28,29,
1,2,3,4,5,6,7,12,13,15,14,16,17,18,19,13,15,14,16,17,18,19,20,21,26,28,29,
1,2,3,4,13,14,15,16,17,18,19,13,14,15,16,17,18,19,20,23,24,25,27,4,13,15,14,16,17,18,19,20,23,24,25,27,4,13,14,15,16,17,18,19,13,15,14,16,17,18,19,20,23,25,24,27,4,13,14,15,16,17,18,19,13,14,15,16,17,18,19,13,14,15,16,17,18,19,20,22,26,28,29,
1,2,3,4,13,14,15,16,17,18,19,13,15,14,16,17,18,19,13,14,15,16,17,18,19,20,21,26,28,29,
1,2,3,4,13,15,14,16,17,18,19,13,14,15,16,17,18,19,20,23,25,24,27,4,5,7,6,8,10,12,13,14,15,16,17,18,19,20,22,26,28,29,
1,2,3,4,13,14,15,16,17,18,19,13,15,14,16,17,18,19,20,23,24,25,27,4,5,7,6,8,10,12,13,14,15,16,17,18,19,20,21,26,28,29,
1,2,3,4,5,6,7,9,11,7,8,10,9,11,7,12,13,14,15,16,17,18,19,20,23,24,25,27,4,5,6,7,12,13,14,15,16,17,18,19,20,23,25,24,27,4,5,7,6,8,10,6,12,13,15,14,16,17,18,19,20,21,26,28,29,
1,2,3,4,5,7,6,12,13,14,15,16,17,18,19,20,23,25,24,27,4,13,14,15,16,17,18,19,13,14,15,16,17,18,19,20,21,26,28,29,
1,2,3,4,13,14,15,16,17,18,19,13,14,15,16,17,18,19,13,14,15,16,17,18,19,20,23,25,24,27,4,5,7,6,12,13,15,14,16,17,18,19,13,15,14,16,17,18,19,13,14,15,16,17,18,19,13,14,15,16,17,18,19,20,22,26,28,29,
1,2,3,4,5,6,7,8,10,6,8,10,6,12,13,14,15,16,17,18,19,20,23,24,25,27,4,13,15,14,16,17,18,19,20,23,24,25,27,4,13,15,14,16,17,18,19,20,22,26,28,29,
1,2,3,4,5,7,6,8,10,12,13,15,14,16,17,18,19,13,14,15,16,17,18,19,20,23,24,25,27,4,5,6,7,9,11,12,13,15,14,16,17,18,19,13,14,15,16,17,18,19,20,21,26,28,29,
1,2,3,4,5,6,8,7,9,11,10,6,8,10,6,7,9,11,7,9,11,12,13,14,15,16,17,18,19,13,15,14,16,17,18,19,20,23,25,24,27,4,5,6,8,7,10,6,12,13,15,14,16,17,18,19,20,21,26,28,29,
1,2,3,4,5,7,6,12,13,15,14,16,17,18,19,13,15,14,16,17,18,19,13,15,14,16,17,18,19,20,21,26,28,29,
1,2,3,4,13,15,14,16,17,18,19,13,14,15,16,17,18,19,13,14,15,16,17,18,19,20,22,26,28,29,
1,2,3,4,13,15,14,16,17,18,19,13,14,15,16,17,18,19,13,14,15,16,17,18,19,20,22,26,28,29,
1,2,3,4,5,6,8,7,10,12,13,14,15,16,17,18,19,20,21,26,28,29,
1,2,3,4,13,15,14,16,17,18,19,13,14,15,16,17,18,19,13,14,15,16,17,18,19,20,22,26,28,29,
1,2,3,4,5,6,8,7,10,6,8,10,6,8,10,6,12,13,15,14,16,17,18,19,13,15,14,16,17,18,19,13,14,15,16,17,18,19,13,14,15,16,17,18,19,20,21,26,28,29,
1,2,3,4,5,7,6,8,10,6,12,13,15,14,16,17,18,19,13,14,15,16,17,18,19,20,23,25,24,27,4,13,14,15,16,17,18,19,20,23,25,24,27,4,13,15,14,16,17,18,19,13,14,15,16,17,18,19,13,14,15,16,17,18,19,20,21,26,28,29,
1,2,3,4,5,6,7,9,11,12,13,14,15,16,17,18,19,13,14,15,16,17,18,19,20,23,24,25,27,4,13,14,15,16,17,18,19,20,22,26,28,29,
1,2,3,4,13,15,14,16,17,18,19,13,15,14,16,17,18,19,13,14,15,16,17,18,19,20,23,25,24,27,4,5,7,6,12,13,15,14,16,17,18,19,13,15,14,16,17,18,19,20,23,24,25,27,4,5,7,6,12,13,14,15,16,17,18,19,20,23,25,24,27,4,13,14,15,16,17,18,19,20,22,26,28,29,
1,2,3,4,5,7,6,12,13,15,14,16,17,18,19,13,15,14,16,17,18,19,13,15,14,16,17,18,19,13,15,14,16,17,18,19,20,22,26,28,29,
1,2,3,4,13,15,14,16,17,18,19,13,14,15,16,17,18,19,20,23,24,25,27,4,13,14,15,16,17,18,19,13,14,15,16,17,18,19,13,14,15,16,17,18,19,20,22,26,28,29,
1,2,3,4,13,15,14,16,17,18,19,13,14,15,16,17,18,19,13,15,14,16,17,18,19,13,14,15,16,17,18,19,20,21,26,28,29,
1,2,3,4,13,14,15,16,17,18,19,13,14,15,16,17,18,19,13,15,14,16,17,18,19,13,15,14,16,17,18,19,13,15,14,16,17,18,19,20,22,26,28,29,
1,2,3,4,13,14,15,16,17,18,19,20,23,24,25,27,4,13,14,15,16,17,18,19,13,14,15,16,17,18,19,20,21,26,28,29,
1,2,3,4,13,15,14,16,17,18,19,20,23,24,25,27,4,13,14,15,16,17,18,19,13,14,15,16,17,18,19,20,21,26,28,29,
1,2,3,4,13,15,14,16,17,18,19,13,15,14,16,17,18,19,13,14,15,16,17,18,19,20,22,26,28,29,
1,2,3,4,5,6,7,8,10,6,9,11,12,13,15,14,16,17,18,19,13,15,14,16,17,18,19,20,23,25,24,27,4,5,7,6,8,10,12,13,14,15,16,17,18,19,20,21,26,28,29,
1,2,3,4,5,6,8,10,7,12,13,14,15,16,17,18,19,13,15,14,16,17,18,19,13,15,14,16,17,18,19,13,15,14,16,17,18,19,20,21,26,28,29,
1,2,3,4,13,14,15,16,17,18,19,13,15,14,16,17,18,19,13,14,15,16,17,18,19,20,22,26,28,29,
1,2,3,4,13,14,15,16,17,18,19,13,15,14,16,17,18,19,20,23,25,24,27,4,5,6,7,9,11,12,13,15,14,16,17,18,19,13,14,15,16,17,18,19,13,14,15,16,17,18,19,13,14,15,16,17,18,19,13,15,14,16,17,18,19,13,15,14,16,17,18,19,13,14,15,16,17,18,19,13,14,15,16,17,18,19,13,14,15,16,17,18,19,20,22,26,28,29,
1,2,3,4,5,6,8,10,7,9,11,7,9,11,12,13,14,15,16,17,18,19,20,22,26,28,29,
1,2,3,4,13,14,15,16,17,18,19,20,23,24,25,27,4,13,15,14,16,17,18,19,13,14,15,16,17,18,19,20,23,24,25,27,4,13,15,14,16,17,18,19,13,14,15,16,17,18,19,20,22,26,28,29,
1,2,3,4,5,6,7,9,11,8,7,10,12,13,14,15,16,17,18,19,20,21,26,28,29,
1,2,3,4,5,6,7,8,10,9,11,12,13,15,14,16,17,18,19,20,21,26,28,29,
1,2,3,4,5,6,7,8,10,9,11,12,13,15,14,16,17,18,19,20,21,26,28,29,
1,2,3,4,5,6,8,7,10,6,12,13,14,15,16,17,18,19,13,14,15,16,17,18,19,20,23,25,24,27,4,13,15,14,16,17,18,19,13,14,15,16,17,18,19,20,23,24,25,27,4,5,7,9,11,7,6,8,10,6,12,13,14,15,16,17,18,19,20,21,26,28,29,
1,2,3,4,5,7,9,11,7,9,6,11,7,12,13,15,14,16,17,18,19,13,15,14,16,17,18,19,20,22,26,28,29,
1,2,3,4,13,14,15,16,17,18,19,13,14,15,16,17,18,19,20,23,24,25,27,4,13,14,15,16,17,18,19,13,15,14,16,17,18,19,13,14,15,16,17,18,19,20,22,26,28,29,
1,2,3,4,13,14,15,16,17,18,19,20,23,25,24,27,4,13,15,14,16,17,18,19,20,22,26,28,29,
1,2,3,4,5,6,7,12,13,14,15,16,17,18,19,20,23,24,25,27,4,5,7,6,12,13,15,14,16,17,18,19,13,14,15,16,17,18,19,13,15,14,16,17,18,19,13,15,14,16,17,18,19,13,14,15,16,17,18,19,20,21,26,28,29,
1,2,3,4,5,7,6,8,10,12,13,15,14,16,17,18,19,20,23,25,24,27,4,13,14,15,16,17,18,19,13,15,14,16,17,18,19,13,14,15,16,17,18,19,20,22,26,28,29,
1,2,3,4,13,14,15,16,17,18,19,13,14,15,16,17,18,19,13,14,15,16,17,18,19,13,14,15,16,17,18,19,20,23,25,24,27,4,5,7,9,11,7,6,12,13,15,14,16,17,18,19,20,21,26,28,29,
1,2,3,4,13,14,15,16,17,18,19,20,23,25,24,27,4,13,15,14,16,17,18,19,20,22,26,28,29,
1,2,3,4,5,6,7,9,11,12,13,14,15,16,17,18,19,20,23,25,24,27,4,5,6,7,12,13,15,14,16,17,18,19,13,14,15,16,17,18,19,20,23,25,24,27,4,13,14,15,16,17,18,19,13,14,15,16,17,18,19,20,22,26,28,29,
1,2,3,4,5,6,7,9,11,12,13,14,15,16,17,18,19,20,23,25,24,27,4,5,6,7,8,10,6,9,11,12,13,15,14,16,17,18,19,20,21,26,28,29,
1,2,3,4,5,6,7,9,11,7,12,13,15,14,16,17,18,19,20,23,25,24,27,4,13,14,15,16,17,18,19,20,21,26,28,29,
1,2,3,4,13,15,14,16,17,18,19,13,15,14,16,17,18,19,20,23,24,25,27,4,13,15,14,16,17,18,19,13,14,15,16,17,18,19,13,14,15,16,17,18,19,13,14,15,16,17,18,19,13,14,15,16,17,18,19,20,22,26,28,29,
1,2,3,4,13,14,15,16,17,18,19,13,14,15,16,17,18,19,20,23,25,24,27,4,13,14,15,16,17,18,19,20,22,26,28,29,
1,2,3,4,13,15,14,16,17,18,19,13,14,15,16,17,18,19,20,23,25,24,27,4,13,14,15,16,17,18,19,20,23,25,24,27,4,5,7,6,8,10,12,13,14,15,16,17,18,19,20,21,26,28,29,
1,2,3,4,5,7,6,12,13,15,14,16,17,18,19,20,23,24,25,27,4,5,7,6,8,10,12,13,14,15,16,17,18,19,20,23,24,25,27,4,13,14,15,16,17,18,19,20,21,26,28,29,
1,2,3,4,5,6,8,10,7,6,8,10,9,11,7,12,13,15,14,16,17,18,19,20,23,24,25,27,4,13,14,15,16,17,18,19,20,23,24,25,27,4,5,6,7,9,11,7,9,11,12,13,15,14,16,17,18,19,13,14,15,16,17,18,19,13,15,14,16,17,18,19,13,14,15,16,17,18,19,20,23,25,24,27,4,5,7,6,8,10,6,8,10,6,8,10,12,13,14,15,16,17,18,19,20,22,26,28,29,
1,2,3,4,5,7,9,11,6,7,9,11,7,12,13,15,14,16,17,18,19,20,23,25,24,27,4,13,14,15,16,17,18,19,13,15,14,16,17,18,19,13,14,15,16,17,18,19,13,14,15,16,17,18,19,13,14,15,16,17,18,19,13,14,15,16,17,18,19,20,21,26,28,29,
1,2,3,4,13,14,15,16,17,18,19,13,14,15,16,17,18,19,20,23,24,25,27,4,5,6,8,10,7,9,11,7,12,13,15,14,16,17,18,19,20,21,26,28,29,
1,2,3,4,13,14,15,16,17,18,19,13,14,15,16,17,18,19,13,15,14,16,17,18,19,13,15,14,16,17,18,19,13,15,14,16,17,18,19,20,23,24,25,27,4,5,7,6,8,10,12,13,15,14,16,17,18,19,20,21,26,28,29,
1,2,3,4,13,14,15,16,17,18,19,20,23,25,24,27,4,5,7,6,12,13,14,15,16,17,18,19,20,22,26,28,29,
1,2,3,4,13,14,15,16,17,18,19,20,23,25,24,27,4,13,14,15,16,17,18,19,13,14,15,16,17,18,19,20,21,26,28,29,
1,2,3,4,5,6,7,8,9,10,11,7,9,11,12,13,14,15,16,17,18,19,20,23,25,24,27,4,13,14,15,16,17,18,19,20,21,26,28,29,
1,2,3,4,13,14,15,16,17,18,19,20,23,25,24,27,4,13,14,15,16,17,18,19,13,15,14,16,17,18,19,20,23,25,24,27,4,5,7,6,9,11,12,13,15,14,16,17,18,19,13,14,15,16,17,18,19,20,23,24,25,27,4,5,6,8,10,7,12,13,14,15,16,17,18,19,13,14,15,16,17,18,19,13,14,15,16,17,18,19,20,21,26,28,29,
1,2,3,4,13,14,15,16,17,18,19,20,23,25,24,27,4,13,15,14,16,17,18,19,20,23,25,24,27,4,5,6,7,9,11,12,13,14,15,16,17,18,19,13,15,14,16,17,18,19,20,23,24,25,27,4,13,14,15,16,17,18,19,13,15,14,16,17,18,19,13,15,14,16,17,18,19,20,22,26,28,29,
1,2,3,4,5,6,7,9,11,7,8,10,9,11,6,7,8,10,12,13,14,15,16,17,18,19,20,21,26,28,29,
1,2,3,4,5,7,6,9,11,8,10,6,12,13,14,15,16,17,18,19,20,21,26,28,29,
1,2,3,4,5,7,6,8,10,12,13,15,14,16,17,18,19,20,22,26,28,29,
1,2,3,4,5,6,7,9,11,12,13,15,14,16,17,18,19,13,14,15,16,17,18,19,13,15,14,16,17,18,19,20,22,26,28,29,
1,2,3,4,5,6,7,12,13,14,15,16,17,18,19,13,15,14,16,17,18,19,13,14,15,16,17,18,19,13,14,15,16,17,18,19,13,14,15,16,17,18,19,20,23,25,24,27,4,13,14,15,16,17,18,19,13,15,14,16,17,18,19,13,14,15,16,17,18,19,20,22,26,28,29,
1,2,3,4,5,7,6,8,10,12,13,14,15,16,17,18,19,20,22,26,28,29,
1,2,3,4,5,6,7,8,10,6,12,13,14,15,16,17,18,19,20,22,26,28,29,
1,2,3,4,5,6,7,8,10,9,11,6,12,13,14,15,16,17,18,19,13,15,14,16,17,18,19,13,14,15,16,17,18,19,13,15,14,16,17,18,19,20,23,25,24,27,4,13,14,15,16,17,18,19,13,14,15,16,17,18,19,20,22,26,28,29,
1,2,3,4,5,6,8,10,6,7,9,11,12,13,14,15,16,17,18,19,20,21,26,28,29,
1,2,3,4,5,6,7,8,10,6,8,10,12,13,14,15,16,17,18,19,20,21,26,28,29,
1,2,3,4,13,15,14,16,17,18,19,20,22,26,28,29,
1,2,3,4,13,15,14,16,17,18,19,20,22,26,28,29,
1,2,3,4,5,6,7,8,10,12,13,14,15,16,17,18,19,20,22,26,28,29,
1,2,3,4,13,15,14,16,17,18,19,20,22,26,28,29,
1,2,3,4,13,15,14,16,17,18,19,20,22,26,28,29,
1,2,3,4,13,15,14,16,17,18,19,20,22,26,28,29,
1,2,3,4,13,14,15,16,17,18,19,13,14,15,16,17,18,19,20,23,24,25,27,4,5,6,7,9,11,7,9,11,12,13,14,15,16,17,18,19,13,14,15,16,17,18,19,20,23,25,24,27,4,5,7,9,11,6,12,13,15,14,16,17,18,19,20,23,24,25,27,4,13,14,15,16,17,18,19,20,23,24,25,27,4,5,6,7,9,11,12,13,15,14,16,17,18,19,20,23,25,24,27,4,13,15,14,16,17,18,19,20,23,24,25,27,4,13,14,15,16,17,18,19,20,22,26,28,29,
1,2,3,4,13,15,14,16,17,18,19,20,22,26,28,29,
1,2,3,4,5,6,8,10,7,6,9,11,7,9,11,7,12,13,14,15,16,17,18,19,13,15,14,16,17,18,19,13,14,15,16,17,18,19,13,14,15,16,17,18,19,20,23,24,25,27,4,5,7,6,8,10,12,13,14,15,16,17,18,19,20,23,24,25,27,4,13,14,15,16,17,18,19,20,21,26,28,29,
1,2,3,4,13,15,14,16,17,18,19,20,23,25,24,27,4,13,15,14,16,17,18,19,20,23,24,25,27,4,13,14,15,16,17,18,19,13,15,14,16,17,18,19,20,23,25,24,27,4,13,14,15,16,17,18,19,13,14,15,16,17,18,19,13,14,15,16,17,18,19,20,23,25,24,27,4,13,15,14,16,17,18,19,20,21,26,28,29,
1,2,3,4,13,14,15,16,17,18,19,20,23,25,24,27,4,5,7,6,12,13,14,15,16,17,18,19,20,23,24,25,27,4,13,15,14,16,17,18,19,13,15,14,16,17,18,19,13,14,15,16,17,18,19,20,22,26,28,29,
1,2,3,4,5,6,8,10,7,12,13,15,14,16,17,18,19,20,21,26,28,29,
1,2,3,4,13,15,14,16,17,18,19,13,15,14,16,17,18,19,13,14,15,16,17,18,19,13,14,15,16,17,18,19,20,21,26,28,29,
1,2,3,4,5,7,6,12,13,15,14,16,17,18,19,13,14,15,16,17,18,19,13,14,15,16,17,18,19,20,23,25,24,27,4,5,7,6,8,10,9,11,7,9,11,12,13,14,15,16,17,18,19,20,21,26,28,29,
1,2,3,4,5,6,7,12,13,15,14,16,17,18,19,20,22,26,28,29,
1,2,3,4,13,14,15,16,17,18,19,13,14,15,16,17,18,19,20,21,26,28,29,
1,2,3,4,5,6,7,12,13,14,15,16,17,18,19,13,14,15,16,17,18,19,13,14,15,16,17,18,19,13,14,15,16,17,18,19,20,21,26,28,29,
1,2,3,4,13,14,15,16,17,18,19,13,14,15,16,17,18,19,20,21,26,28,29,
1,2,3,4,13,14,15,16,17,18,19,13,14,15,16,17,18,19,20,21,26,28,29,
1,2,3,4,13,14,15,16,17,18,19,13,14,15,16,17,18,19,20,21,26,28,29,
1,2,3,4,13,14,15,16,17,18,19,20,23,25,24,27,4,5,7,6,12,13,14,15,16,17,18,19,13,14,15,16,17,18,19,20,23,24,25,27,4,13,14,15,16,17,18,19,20,23,24,25,27,4,5,6,7,8,9,11,10,12,13,14,15,16,17,18,19,13,14,15,16,17,18,19,20,22,26,28,29,
1,2,3,4,13,14,15,16,17,18,19,13,15,14,16,17,18,19,20,22,26,28,29,
1,2,3,4,13,14,15,16,17,18,19,13,15,14,16,17,18,19,20,22,26,28,29,
1,2,3,4,13,14,15,16,17,18,19,20,23,24,25,27,4,13,15,14,16,17,18,19,13,14,15,16,17,18,19,20,23,24,25,27,4,13,14,15,16,17,18,19,20,23,24,25,27,4,5,7,6,12,13,14,15,16,17,18,19,20,23,25,24,27,4,13,14,15,16,17,18,19,20,23,24,25,27,4,5,7,6,8,10,12,13,14,15,16,17,18,19,13,14,15,16,17,18,19,20,23,24,25,27,4,5,7,6,12,13,14,15,16,17,18,19,20,23,25,24,27,4,5,6,8,10,6,8,7,10,6,8,10,12,13,15,14,16,17,18,19,20,22,26,28,29,
1,2,3,4,5,6,7,9,11,8,10,6,12,13,15,14,16,17,18,19,20,22,26,28,29,
1,2,3,4,5,6,8,10,7,9,11,12,13,14,15,16,17,18,19,20,23,25,24,27,4,5,7,6,9,11,8,10,6,8,10,12,13,14,15,16,17,18,19,13,15,14,16,17,18,19,13,15,14,16,17,18,19,13,15,14,16,17,18,19,20,21,26,28,29,
1,2,3,4,5,7,6,12,13,15,14,16,17,18,19,13,15,14,16,17,18,19,20,23,24,25,27,4,13,14,15,16,17,18,19,20,21,26,28,29,
1,2,3,4,5,7,6,12,13,14,15,16,17,18,19,20,22,26,28,29,
1,2,3,4,5,6,7,12,13,14,15,16,17,18,19,13,14,15,16,17,18,19,13,14,15,16,17,18,19,13,14,15,16,17,18,19,13,15,14,16,17,18,19,13,14,15,16,17,18,19,20,21,26,28,29,
1,2,3,4,5,7,6,12,13,15,14,16,17,18,19,20,23,24,25,27,4,13,15,14,16,17,18,19,20,22,26,28,29,
1,2,3,4,5,6,7,12,13,15,14,16,17,18,19,13,15,14,16,17,18,19,20,22,26,28,29,
1,2,3,4,13,14,15,16,17,18,19,20,22,26,28,29,
1,2,3,4,13,14,15,16,17,18,19,20,22,26,28,29,
1,2,3,4,5,6,7,9,11,12,13,14,15,16,17,18,19,20,23,25,24,27,4,13,14,15,16,17,18,19,13,14,15,16,17,18,19,20,23,24,25,27,4,13,14,15,16,17,18,19,20,22,26,28,29,
1,2,3,4,5,7,6,8,10,6,12,13,15,14,16,17,18,19,20,23,24,25,27,4,13,15,14,16,17,18,19,20,21,26,28,29,
1,2,3,4,5,7,6,12,13,14,15,16,17,18,19,20,22,26,28,29,
1,2,3,4,13,14,15,16,17,18,19,20,22,26,28,29,
1,2,3,4,5,7,6,12,13,14,15,16,17,18,19,20,22,26,28,29,
1,2,3,4,13,14,15,16,17,18,19,20,22,26,28,29,
1,2,3,4,13,14,15,16,17,18,19,20,23,25,24,27,4,5,7,6,8,10,12,13,15,14,16,17,18,19,13,14,15,16,17,18,19,20,22,26,28,29,
1,2,3,4,13,14,15,16,17,18,19,20,22,26,28,29,
1,2,3,4,13,14,15,16,17,18,19,13,15,14,16,17,18,19,13,15,14,16,17,18,19,13,15,14,16,17,18,19,20,21,26,28,29,
1,2,3,4,13,14,15,16,17,18,19,20,22,26,28,29,
1,2,3,4,13,14,15,16,17,18,19,13,14,15,16,17,18,19,13,14,15,16,17,18,19,13,15,14,16,17,18,19,20,21,26,28,29,
1,2,3,4,13,14,15,16,17,18,19,20,22,26,28,29,
1,2,3,4,13,14,15,16,17,18,19,20,22,26,28,29,
1,2,3,4,13,14,15,16,17,18,19,20,22,26,28,29,
1,2,3,4,5,7,6,9,11,7,9,11,12,13,14,15,16,17,18,19,13,14,15,16,17,18,19,20,21,26,28,29,
1,2,3,4,5,7,6,8,9,11,10,6,12,13,14,15,16,17,18,19,20,22,26,28,29,
1,2,3,4,5,6,7,8,10,9,11,7,9,11,7,9,11,7,12,13,14,15,16,17,18,19,20,22,26,28,29,
1,2,3,4,13,15,14,16,17,18,19,13,15,14,16,17,18,19,13,15,14,16,17,18,19,20,23,24,25,27,4,13,14,15,16,17,18,19,13,15,14,16,17,18,19,20,21,26,28,29,
1,2,3,4,5,7,9,11,6,12,13,15,14,16,17,18,19,20,23,24,25,27,4,13,14,15,16,17,18,19,13,14,15,16,17,18,19,13,15,14,16,17,18,19,13,15,14,16,17,18,19,13,14,15,16,17,18,19,13,14,15,16,17,18,19,20,22,26,28,29,
1,2,3,4,13,14,15,16,17,18,19,20,23,25,24,27,4,13,15,14,16,17,18,19,13,14,15,16,17,18,19,13,15,14,16,17,18,19,13,15,14,16,17,18,19,20,23,24,25,27,4,5,7,9,6,11,7,9,11,7,9,11,7,12,13,14,15,16,17,18,19,13,14,15,16,17,18,19,13,14,15,16,17,18,19,13,15,14,16,17,18,19,20,22,26,28,29,
1,2,3,4,5,6,7,9,11,7,9,11,12,13,14,15,16,17,18,19,13,15,14,16,17,18,19,13,15,14,16,17,18,19,13,15,14,16,17,18,19,20,23,24,25,27,4,13,15,14,16,17,18,19,13,14,15,16,17,18,19,13,14,15,16,17,18,19,13,15,14,16,17,18,19,13,15,14,16,17,18,19,13,15,14,16,17,18,19,13,15,14,16,17,18,19,13,15,14,16,17,18,19,13,15,14,16,17,18,19,13,15,14,16,17,18,19,13,14,15,16,17,18,19,20,22,26,28,29,
1,2,3,4,5,6,7,9,8,10,11,12,13,14,15,16,17,18,19,13,15,14,16,17,18,19,13,14,15,16,17,18,19,13,14,15,16,17,18,19,20,22,26,28,29,
1,2,3,4,13,15,14,16,17,18,19,13,15,14,16,17,18,19,20,23,24,25,27,4,5,6,8,10,7,12,13,15,14,16,17,18,19,13,14,15,16,17,18,19,20,22,26,28,29,
1,2,3,4,13,15,14,16,17,18,19,13,15,14,16,17,18,19,13,14,15,16,17,18,19,13,15,14,16,17,18,19,13,14,15,16,17,18,19,20,23,24,25,27,4,5,6,7,8,10,12,13,15,14,16,17,18,19,13,15,14,16,17,18,19,20,21,26,28,29,
1,2,3,4,5,7,6,9,11,7,9,11,12,13,15,14,16,17,18,19,13,14,15,16,17,18,19,13,15,14,16,17,18,19,20,23,24,25,27,4,13,14,15,16,17,18,19,13,14,15,16,17,18,19,20,22,26,28,29,
1,2,3,4,5,7,9,6,11,8,10,7,12,13,15,14,16,17,18,19,20,23,25,24,27,4,13,14,15,16,17,18,19,13,14,15,16,17,18,19,20,23,24,25,27,4,5,6,7,8,10,12,13,14,15,16,17,18,19,20,21,26,28,29,
1,2,3,4,13,15,14,16,17,18,19,20,23,24,25,27,4,13,15,14,16,17,18,19,20,22,26,28,29,
1,2,3,4,13,15,14,16,17,18,19,13,15,14,16,17,18,19,13,15,14,16,17,18,19,13,14,15,16,17,18,19,13,15,14,16,17,18,19,13,15,14,16,17,18,19,13,14,15,16,17,18,19,13,14,15,16,17,18,19,13,14,15,16,17,18,19,20,22,26,28,29,
1,2,3,4,5,7,9,6,11,7,9,11,7,9,11,12,13,14,15,16,17,18,19,13,14,15,16,17,18,19,13,15,14,16,17,18,19,20,21,26,28,29,
1,2,3,4,5,6,7,8,10,12,13,14,15,16,17,18,19,20,23,24,25,27,4,13,14,15,16,17,18,19,20,22,26,28,29,
1,2,3,4,13,15,14,16,17,18,19,13,15,14,16,17,18,19,20,23,24,25,27,4,13,14,15,16,17,18,19,20,23,25,24,27,4,5,7,6,8,10,9,11,7,9,6,11,7,12,13,14,15,16,17,18,19,20,21,26,28,29,
1,2,3,4,13,15,14,16,17,18,19,13,14,15,16,17,18,19,13,14,15,16,17,18,19,13,15,14,16,17,18,19,20,23,25,24,27,4,13,14,15,16,17,18,19,13,14,15,16,17,18,19,13,15,14,16,17,18,19,20,23,24,25,27,4,5,6,7,8,10,6,8,10,12,13,14,15,16,17,18,19,13,15,14,16,17,18,19,20,23,24,25,27,4,13,15,14,16,17,18,19,20,23,24,25,27,4,5,7,6,12,13,14,15,16,17,18,19,13,15,14,16,17,18,19,20,22,26,28,29,
1,2,3,4,5,7,6,9,8,10,11,6,8,10,12,13,14,15,16,17,18,19,13,14,15,16,17,18,19,13,14,15,16,17,18,19,13,15,14,16,17,18,19,13,14,15,16,17,18,19,20,23,25,24,27,4,13,14,15,16,17,18,19,20,21,26,28,29,
1,2,3,4,5,7,9,11,6,8,10,12,13,14,15,16,17,18,19,13,14,15,16,17,18,19,13,15,14,16,17,18,19,13,14,15,16,17,18,19,13,15,14,16,17,18,19,20,21,26,28,29,
1,2,3,4,5,6,7,9,11,7,9,11,12,13,14,15,16,17,18,19,20,22,26,28,29,
1,2,3,4,13,14,15,16,17,18,19,13,14,15,16,17,18,19,20,21,26,28,29,
1,2,3,4,13,14,15,16,17,18,19,13,14,15,16,17,18,19,20,21,26,28,29,
1,2,3,4,13,14,15,16,17,18,19,13,14,15,16,17,18,19,20,21,26,28,29,
1,2,3,4,5,7,6,12,13,14,15,16,17,18,19,13,14,15,16,17,18,19,13,14,15,16,17,18,19,20,23,25,24,27,4,5,6,7,9,8,11,10,7,6,8,10,12,13,14,15,16,17,18,19,20,23,25,24,27,4,5,7,6,12,13,14,15,16,17,18,19,20,21,26,28,29,
1,2,3,4,13,14,15,16,17,18,19,13,14,15,16,17,18,19,20,21,26,28,29,
1,2,3,4,13,15,14,16,17,18,19,20,23,25,24,27,4,5,7,6,9,8,11,10,6,8,10,6,12,13,14,15,16,17,18,19,13,14,15,16,17,18,19,20,23,25,24,27,4,13,14,15,16,17,18,19,13,14,15,16,17,18,19,13,14,15,16,17,18,19,13,14,15,16,17,18,19,13,14,15,16,17,18,19,13,15,14,16,17,18,19,13,15,14,16,17,18,19,13,15,14,16,17,18,19,20,21,26,28,29,
1,2,3,4,13,15,14,16,17,18,19,20,23,24,25,27,4,5,7,6,8,10,9,6,11,8,10,6,8,10,6,12,13,15,14,16,17,18,19,13,15,14,16,17,18,19,20,21,26,28,29,
1,2,3,4,13,15,14,16,17,18,19,13,14,15,16,17,18,19,13,14,15,16,17,18,19,13,14,15,16,17,18,19,13,14,15,16,17,18,19,20,21,26,28,29,
1,2,3,4,5,6,8,10,7,6,12,13,14,15,16,17,18,19,20,22,26,28,29,
1,2,3,4,5,6,8,10,7,9,11,12,13,14,15,16,17,18,19,20,21,26,28,29,
1,2,3,4,5,6,7,9,11,7,9,11,12,13,15,14,16,17,18,19,13,14,15,16,17,18,19,20,21,26,28,29,
1,2,3,4,5,6,7,12,13,15,14,16,17,18,19,13,14,15,16,17,18,19,13,14,15,16,17,18,19,20,23,25,24,27,4,13,15,14,16,17,18,19,20,23,25,24,27,4,13,14,15,16,17,18,19,20,23,25,24,27,4,13,14,15,16,17,18,19,20,23,25,24,27,4,13,15,14,16,17,18,19,13,15,14,16,17,18,19,20,23,25,24,27,4,5,7,9,6,11,7,12,13,14,15,16,17,18,19,13,14,15,16,17,18,19,13,14,15,16,17,18,19,20,21,26,28,29,
1,2,3,4,13,15,14,16,17,18,19,13,14,15,16,17,18,19,13,14,15,16,17,18,19,13,14,15,16,17,18,19,13,14,15,16,17,18,19,20,21,26,28,29,
1,2,3,4,13,14,15,16,17,18,19,13,14,15,16,17,18,19,13,15,14,16,17,18,19,13,14,15,16,17,18,19,13,14,15,16,17,18,19,20,22,26,28,29,
1,2,3,4,13,14,15,16,17,18,19,20,23,25,24,27,4,13,14,15,16,17,18,19,20,23,24,25,27,4,13,15,14,16,17,18,19,20,22,26,28,29,
1,2,3,4,13,14,15,16,17,18,19,13,14,15,16,17,18,19,13,14,15,16,17,18,19,20,22,26,28,29,
1,2,3,4,5,7,6,8,10,6,12,13,15,14,16,17,18,19,13,14,15,16,17,18,19,13,14,15,16,17,18,19,13,14,15,16,17,18,19,20,21,26,28,29,
1,2,3,4,13,15,14,16,17,18,19,20,21,26,28,29,
1,2,3,4,13,15,14,16,17,18,19,20,21,26,28,29,
1,2,3,4,5,6,7,12,13,14,15,16,17,18,19,13,15,14,16,17,18,19,20,21,26,28,29,
1,2,3,4,13,15,14,16,17,18,19,20,21,26,28,29,
1,2,3,4,13,15,14,16,17,18,19,20,21,26,28,29,
1,2,3,4,13,15,14,16,17,18,19,20,22,26,28,29,
1,2,3,4,13,15,14,16,17,18,19,20,21,26,28,29,
1,2,3,4,13,15,14,16,17,18,19,20,22,26,28,29,
1,2,3,4,5,6,7,9,11,12,13,14,15,16,17,18,19,13,14,15,16,17,18,19,13,15,14,16,17,18,19,20,23,25,24,27,4,5,7,6,9,11,7,9,11,12,13,14,15,16,17,18,19,13,14,15,16,17,18,19,20,21,26,28,29,
1,2,3,4,5,7,6,9,11,12,13,14,15,16,17,18,19,20,21,26,28,29,
1,2,3,4,5,7,6,12,13,14,15,16,17,18,19,13,14,15,16,17,18,19,13,14,15,16,17,18,19,13,15,14,16,17,18,19,13,14,15,16,17,18,19,13,15,14,16,17,18,19,13,14,15,16,17,18,19,13,15,14,16,17,18,19,20,22,26,28,29,
1,2,3,4,13,15,14,16,17,18,19,20,23,24,25,27,4,13,14,15,16,17,18,19,13,14,15,16,17,18,19,20,22,26,28,29,
1,2,3,4,13,15,14,16,17,18,19,20,23,24,25,27,4,13,14,15,16,17,18,19,13,14,15,16,17,18,19,20,22,26,28,29,