1,2,3,4,5,6,8,20,24,27,24,27,24,25,26,28,29,
1,2,3,4,5,6,8,20,24,27,24,27,24,25,26,28,29,
1,2,3,4,5,6,7,9,11,13,17,18,19,20,21,22,23,24,27,24,27,24,27,24,25,26,28,29,
1,2,3,4,5,6,8,20,24,27,24,27,24,25,26,28,29,
1,2,3,4,5,6,7,10,12,15,17,18,19,21,22,23,20,24,27,24,27,24,27,24,27,24,25,26,28,29,
1,2,3,4,5,6,8,20,24,27,24,27,24,25,26,28,29,
1,2,3,4,5,6,8,20,24,27,24,27,24,25,26,28,29,
1,2,3,4,5,6,8,20,24,27,24,27,24,25,26,28,29,
1,2,3,4,5,6,8,20,24,27,24,27,24,25,26,28,29,
1,2,3,4,5,6,8,20,24,27,24,27,24,25,26,28,29,
1,2,3,4,5,6,8,20,24,27,24,27,24,27,24,27,24,25,26,28,29,
1,2,3,4,5,6,8,20,24,27,24,27,24,27,24,27,24,25,26,28,29,
1,2,3,4,5,6,7,9,11,14,20,24,25,26,28,29,
1,2,3,4,5,6,7,10,12,16,20,24,27,24,27,24,27,24,27,24,27,24,25,26,28,29,
1,2,3,4,5,6,8,20,24,27,24,27,24,27,24,27,24,25,26,28,29,
1,2,3,4,5,6,7,9,11,14,20,24,25,26,28,29,
1,2,3,4,5,6,7,10,12,16,20,24,27,24,27,24,27,24,27,24,25,26,28,29,
1,2,3,4,5,6,8,20,24,27,24,27,24,27,24,27,24,25,26,28,29,
1,2,3,4,5,6,7,9,11,14,20,24,25,26,28,29,
1,2,3,4,5,6,8,20,24,27,24,27,24,27,24,27,24,25,26,28,29,
1,2,3,4,5,6,7,9,11,14,20,24,25,26,28,29,
1,2,3,4,5,6,7,10,12,16,20,24,27,24,27,24,27,24,27,24,27,24,25,26,28,29,
1,2,3,4,5,6,8,20,24,27,24,27,24,27,24,27,24,25,26,28,29,
1,2,3,4,5,6,7,9,11,14,20,24,25,26,28,29,
1,2,3,4,5,6,7,9,11,13,17,18,20,19,21,22,23,24,25,26,28,29,
1,2,3,4,5,6,8,20,24,27,24,27,24,27,24,27,24,25,26,28,29,
1,2,3,4,5,6,7,9,11,14,20,24,25,26,28,29,
1,2,3,4,5,6,7,9,11,13,17,18,20,19,21,22,23,24,25,26,28,29,
1,2,3,4,5,6,7,9,11,14,20,24,25,26,28,29,
1,2,3,4,5,6,7,9,11,14,20,24,25,26,28,29,
1,2,3,4,5,6,7,9,11,14,20,24,25,26,28,29,
1,2,3,4,5,6,7,10,12,15,17,18,19,21,22,23,20,24,27,24,27,24,25,26,28,29,
1,2,3,4,5,6,7,10,12,15,17,18,19,21,22,23,20,24,27,24,27,24,25,26,28,29,
1,2,3,4,5,6,7,10,12,15,17,18,19,21,22,23,20,24,27,24,27,24,25,26,28,29,
1,2,3,4,5,6,7,10,12,15,17,18,19,21,22,23,20,24,27,24,27,24,25,26,28,29,
1,2,3,4,5,6,7,10,12,15,17,18,19,21,22,23,20,24,27,24,27,24,27,24,27,24,27,24,27,24,25,26,28,29,
1,2,3,4,5,6,7,10,12,15,17,18,19,21,22,23,20,24,27,24,27,24,27,24,25,26,28,29,
1,2,3,4,5,6,7,10,12,16,20,24,27,24,27,24,25,26,28,29,
1,2,3,4,5,6,7,10,12,16,20,24,27,24,27,24,25,26,28,29,
1,2,3,4,5,6,7,10,12,15,17,18,19,21,22,20,23,24,27,24,27,24,25,26,28,29,
1,2,3,4,5,6,7,10,12,16,20,24,27,24,27,24,25,26,28,29,
1,2,3,4,5,6,7,10,12,16,20,24,27,24,27,24,25,26,28,29,
1,2,3,4,5,6,7,10,12,15,17,18,19,21,22,23,20,24,27,24,27,24,27,24,25,26,28,29,
1,2,3,4,5,6,7,10,12,15,17,18,19,21,22,23,20,24,27,24,25,26,28,29,
1,2,3,4,5,6,7,10,12,15,17,18,19,21,22,20,23,24,27,24,25,26,28,29,
1,2,3,4,5,6,7,10,12,16,20,24,27,24,27,24,25,26,28,29,
1,2,3,4,5,6,7,10,12,15,17,18,19,21,22,23,20,24,27,24,25,26,28,29,
1,2,3,4,5,6,7,10,12,16,20,24,27,24,27,24,25,26,28,29,
1,2,3,4,5,6,7,10,12,15,17,18,19,21,22,23,20,24,27,24,25,26,28,29,
1,2,3,4,5,6,7,10,12,16,20,24,27,24,27,24,25,26,28,29,
1,2,3,4,5,6,7,10,12,15,17,18,19,21,22,23,20,24,27,24,25,26,28,29,
1,2,3,4,5,6,7,10,12,16,20,24,27,24,27,24,25,26,28,29,
1,2,3,4,5,6,7,10,12,15,17,18,19,21,22,23,20,24,27,24,25,26,28,29,
1,2,3,4,5,6,7,10,12,16,20,24,27,24,27,24,25,26,28,29,
1,2,3,4,5,6,7,9,11,13,17,18,19,21,22,23,20,24,25,26,28,29,
1,2,3,4,5,6,7,9,11,13,17,18,19,21,22,23,20,24,25,26,28,29,
1,2,3,4,5,6,7,9,11,13,17,18,19,21,22,23,20,24,25,26,28,29,
1,2,3,4,5,6,7,9,11,13,17,18,19,21,22,23,20,24,25,26,28,29,
1,2,3,4,5,6,7,9,11,13,17,18,19,21,22,23,20,24,25,26,28,29,
1,2,3,4,5,6,7,9,11,13,17,18,19,21,22,23,20,24,25,26,28,29,
1,2,3,4,5,6,7,9,11,13,17,18,19,21,22,23,20,24,25,26,28,29,
1,2,3,4,5,6,7,10,12,15,17,18,19,20,21,22,23,24,25,26,28,29,
1,2,3,4,5,6,7,10,12,15,17,18,19,20,21,22,23,24,25,26,28,29,
1,2,3,4,5,6,7,10,12,15,17,18,19,20,21,22,23,24,25,26,28,29,
1,2,3,4,5,6,7,10,12,15,17,18,19,20,21,22,23,24,25,26,28,29,
1,2,3,4,5,6,7,10,12,15,17,18,19,20,21,22,23,24,25,26,28,29,
1,2,3,4,5,6,8,20,24,27,24,27,24,27,24,25,26,28,29,
1,2,3,4,5,6,8,20,24,27,24,27,24,27,24,25,26,28,29,
1,2,3,4,5,6,8,20,24,27,24,27,24,27,24,25,26,28,29,
1,2,3,4,5,6,8,20,24,27,24,27,24,27,24,25,26,28,29,
1,2,3,4,5,6,8,20,24,27,24,27,24,27,24,25,26,28,29,
1,2,3,4,5,6,8,20,24,27,24,27,24,27,24,25,26,28,29,
1,2,3,4,5,6,8,20,24,27,24,27,24,27,24,25,26,28,29,
1,2,3,4,5,6,8,20,24,27,24,27,24,27,24,25,26,28,29,
1,2,3,4,5,6,7,10,12,15,17,18,20,19,21,22,23,24,27,24,27,24,27,24,25,26,28,29,
1,2,3,4,5,6,8,20,24,27,24,27,24,27,24,25,26,28,29,
1,2,3,4,5,6,8,20,24,27,24,27,24,27,24,25,26,28,29,
1,2,3,4,5,6,8,20,24,27,24,27,24,27,24,27,24,27,24,27,24,27,24,25,26,28,29,
1,2,3,4,5,6,7,10,12,15,17,18,19,21,20,22,23,24,27,24,27,24,25,26,28,29,
1,2,3,4,5,6,7,10,12,15,17,18,19,21,22,20,23,24,25,26,28,29,
1,2,3,4,5,6,7,10,12,16,20,24,25,26,28,29,
1,2,3,4,5,6,7,10,12,16,20,24,25,26,28,29,
1,2,3,4,5,6,7,9,11,14,20,24,27,24,25,26,28,29,
1,2,3,4,5,6,7,10,12,16,20,24,25,26,28,29,
1,2,3,4,5,6,7,10,12,16,20,24,25,26,28,29,
1,2,3,4,5,6,7,9,11,14,20,24,27,24,25,26,28,29,
1,2,3,4,5,6,7,10,12,16,20,24,25,26,28,29,
1,2,3,4,5,6,7,9,11,14,20,24,27,24,25,26,28,29,
1,2,3,4,5,6,7,10,12,16,20,24,25,26,28,29,
1,2,3,4,5,6,7,9,11,14,20,24,27,24,25,26,28,29,
1,2,3,4,5,6,7,10,12,16,20,24,25,26,28,29,
1,2,3,4,5,6,7,9,11,14,20,24,27,24,25,26,28,29,
1,2,3,4,5,6,7,10,12,16,20,24,25,26,28,29,
1,2,3,4,5,6,7,9,11,14,20,24,27,24,25,26,28,29,
1,2,3,4,5,6,7,10,12,16,20,24,25,26,28,29,
1,2,3,4,5,6,7,9,11,14,20,24,27,24,25,26,28,29,
1,2,3,4,5,6,7,10,12,16,20,24,25,26,28,29,
1,2,3,4,5,6,7,10,12,16,20,24,25,26,28,29,
1,2,3,4,5,6,7,10,12,16,20,24,25,26,28,29,
1,2,3,4,5,6,7,10,12,16,20,24,25,26,28,29,
1,2,3,4,5,6,7,10,12,16,20,24,25,26,28,29,
1,2,3,4,5,6,7,10,12,16,20,24,25,26,28,29,
1,2,3,4,5,6,7,10,12,16,20,24,25,26,28,29,
1,2,3,4,5,6,7,10,12,16,20,24,25,26,28,29,
1,2,3,4,5,6,7,10,12,16,20,24,25,26,28,29,
1,2,3,4,5,6,7,10,12,16,20,24,25,26,28,29,
1,2,3,4,5,6,7,9,11,13,17,18,19,21,22,23,20,24,27,24,27,24,27,24,25,26,28,29,
1,2,3,4,5,6,8,20,24,25,26,28,29,
1,2,3,4,5,6,8,20,24,25,26,28,29,
1,2,3,4,5,6,8,20,24,25,26,28,29,
1,2,3,4,5,6,7,10,12,15,17,18,19,21,20,22,23,24,25,26,28,29,
1,2,3,4,5,6,8,20,24,25,26,28,29,
1,2,3,4,5,6,8,20,24,25,26,28,29,
1,2,3,4,5,6,8,20,24,25,26,28,29,
1,2,3,4,5,6,8,20,24,25,26,28,29,
1,2,3,4,5,6,8,20,24,25,26,28,29,
1,2,3,4,5,6,8,20,24,25,26,28,29,
1,2,3,4,5,6,8,20,24,27,24,27,24,25,26,28,29,
1,2,3,4,5,6,8,20,24,27,24,27,24,25,26,28,29,
1,2,3,4,5,6,8,20,24,27,24,27,24,25,26,28,29,
1,2,3,4,5,6,8,20,24,27,24,27,24,25,26,28,29,
1,2,3,4,5,6,8,20,24,25,26,28,29,
1,2,3,4,5,6,8,20,24,27,24,27,24,25,26,28,29,
1,2,3,4,5,6,8,20,24,25,26,28,29,
1,2,3,4,5,6,8,20,24,27,24,27,24,25,26,28,29,
1,2,3,4,5,6,8,20,24,27,24,27,24,25,26,28,29,
1,2,3,4,5,6,8,20,24,27,24,27,24,25,26,28,29,
1,2,3,4,5,6,8,20,24,27,24,27,24,25,26,28,29,
1,2,3,4,5,6,8,20,24,27,24,27,24,25,26,28,29,
1,2,3,4,5,6,8,20,24,25,26,28,29,
1,2,3,4,5,6,8,20,24,25,26,28,29,
1,2,3,4,5,6,8,20,24,25,26,28,29,
1,2,3,4,5,6,8,20,24,25,26,28,29,
1,2,3,4,5,6,8,20,24,25,26,28,29,
1,2,3,4,5,6,8,20,24,25,26,28,29,
1,2,3,4,5,6,7,9,11,13,17,18,19,20,21,22,23,24,25,26,28,29,
1,2,3,4,5,6,7,9,11,13,17,18,19,20,21,22,23,24,25,26,28,29,
1,2,3,4,5,6,7,9,11,13,17,18,19,20,21,22,23,24,25,26,28,29,
1,2,3,4,5,6,8,20,24,25,26,28,29,
1,2,3,4,5,6,8,20,24,25,26,28,29,
1,2,3,4,5,6,8,20,24,25,26,28,29,
1,2,3,4,5,6,8,20,24,25,26,28,29,
1,2,3,4,5,6,8,20,24,25,26,28,29,
1,2,3,4,5,6,8,20,24,27,24,27,24,27,24,27,24,27,24,27,24,27,24,27,24,25,26,28,29,
1,2,3,4,5,6,8,20,24,25,26,28,29,
1,2,3,4,5,6,8,20,24,25,26,28,29,
1,2,3,4,5,6,8,20,24,25,26,28,29,
1,2,3,4,5,6,8,20,24,25,26,28,29,
1,2,3,4,5,6,8,20,24,25,26,28,29,
1,2,3,4,5,6,8,20,24,25,26,28,29,
1,2,3,4,5,6,7,9,11,13,17,18,19,21,22,23,20,24,27,24,27,24,25,26,28,29,
1,2,3,4,5,6,7,9,11,13,17,18,19,21,20,22,23,24,25,26,28,29,
1,2,3,4,5,6,7,9,11,13,17,18,19,21,20,22,23,24,25,26,28,29,
1,2,3,4,5,6,7,9,11,13,17,18,19,21,20,22,23,24,25,26,28,29,
1,2,3,4,5,6,7,9,11,13,17,18,19,21,20,22,23,24,25,26,28,29,
1,2,3,4,5,6,7,9,11,14,20,24,25,26,28,29,
1,2,3,4,5,6,7,9,11,14,20,24,25,26,28,29,
1,2,3,4,5,6,7,9,11,14,20,24,25,26,28,29,
1,2,3,4,5,6,7,9,11,14,20,24,25,26,28,29,
1,2,3,4,5,6,7,9,11,14,20,24,25,26,28,29,
1,2,3,4,5,6,8,20,24,25,26,28,29,
1,2,3,4,5,6,8,20,24,25,26,28,29,
1,2,3,4,5,6,8,20,24,25,26,28,29,
1,2,3,4,5,6,8,20,24,25,26,28,29,
1,2,3,4,5,6,7,9,11,13,17,18,20,19,21,22,23,24,27,24,27,24,27,24,27,24,27,24,25,26,28,29,
1,2,3,4,5,6,8,20,24,25,26,28,29,
1,2,3,4,5,6,8,20,24,27,24,27,24,27,24,27,24,27,24,25,26,28,29,
1,2,3,4,5,6,8,20,24,25,26,28,29,
1,2,3,4,5,6,8,20,24,27,24,27,24,27,24,27,24,27,24,25,26,28,29,
1,2,3,4,5,6,8,20,24,25,26,28,29,
1,2,3,4,5,6,8,20,24,25,26,28,29,
1,2,3,4,5,6,8,20,24,25,26,28,29,
1,2,3,4,5,6,8,20,24,25,26,28,29,
1,2,3,4,5,6,8,20,24,25,26,28,29,
1,2,3,4,5,6,7,9,11,13,17,18,20,19,21,22,23,24,27,24,27,24,27,24,25,26,28,29,
1,2,3,4,5,6,8,20,24,25,26,28,29,
1,2,3,4,5,6,8,20,24,25,26,28,29,
1,2,3,4,5,6,8,20,24,25,26,28,29,
1,2,3,4,5,6,8,20,24,25,26,28,29,
1,2,3,4,5,6,8,20,24,25,26,28,29,
1,2,3,4,5,6,7,10,12,15,17,18,19,21,22,23,20,24,25,26,28,29,
1,2,3,4,5,6,7,10,12,15,17,18,19,21,22,23,20,24,25,26,28,29,
1,2,3,4,5,6,7,10,12,15,17,18,19,21,22,23,20,24,25,26,28,29,
1,2,3,4,5,6,7,10,12,15,17,18,19,21,22,23,20,24,25,26,28,29,
1,2,3,4,5,6,7,10,12,15,17,18,19,21,22,23,20,24,25,26,28,29,
1,2,3,4,5,6,7,9,11,14,20,24,25,26,28,29,
1,2,3,4,5,6,7,9,11,14,20,24,25,26,28,29,
1,2,3,4,5,6,7,9,11,14,20,24,25,26,28,29,
1,2,3,4,5,6,7,9,11,14,20,24,25,26,28,29,
1,2,3,4,5,6,7,9,11,14,20,24,25,26,28,29,
1,2,3,4,5,6,7,10,12,16,20,24,27,24,25,26,28,29,
1,2,3,4,5,6,7,10,12,16,20,24,27,24,25,26,28,29,
1,2,3,4,5,6,7,10,12,16,20,24,27,24,25,26,28,29,
1,2,3,4,5,6,8,20,24,25,26,28,29,
1,2,3,4,5,6,7,10,12,16,20,24,27,24,25,26,28,29,
1,2,3,4,5,6,8,20,24,25,26,28,29,
1,2,3,4,5,6,8,20,24,25,26,28,29,
1,2,3,4,5,6,8,20,24,25,26,28,29,
1,2,3,4,5,6,8,20,24,25,26,28,29,
1,2,3,4,5,6,8,20,24,25,26,28,29,
1,2,3,4,5,6,8,20,24,25,26,28,29,
1,2,3,4,5,6,8,20,24,25,26,28,29,
1,2,3,4,5,6,8,20,24,25,26,28,29,
1,2,3,4,5,6,8,20,24,25,26,28,29,
1,2,3,4,5,6,7,10,12,15,17,18,20,19,21,22,23,24,27,24,25,26,28,29,
1,2,3,4,5,6,7,10,12,16,20,24,27,24,25,26,28,29,
1,2,3,4,5,6,8,20,24,25,26,28,29,
1,2,3,4,5,6,8,20,24,25,26,28,29,
1,2,3,4,5,6,7,10,12,16,20,24,25,26,28,29,
1,2,3,4,5,6,7,10,12,16,20,24,25,26,28,29,
1,2,3,4,5,6,8,20,24,25,26,28,29,
1,2,3,4,5,6,7,10,12,16,20,24,27,24,27,24,27,24,25,26,28,29,
1,2,3,4,5,6,7,10,12,16,20,24,27,24,27,24,27,24,25,26,28,29,
1,2,3,4,5,6,8,20,24,25,26,28,29,
1,2,3,4,5,6,8,20,24,25,26,28,29,
1,2,3,4,5,6,8,20,24,25,26,28,29,
1,2,3,4,5,6,8,20,24,25,26,28,29,
1,2,3,4,5,6,7,10,12,15,17,18,20,19,21,22,23,24,25,26,28,29,
1,2,3,4,5,6,7,10,12,15,17,18,20,19,21,22,23,24,25,26,28,29,
1,2,3,4,5,6,7,10,12,15,17,18,20,19,21,22,23,24,25,26,28,29,
1,2,3,4,5,6,7,10,12,15,17,18,20,19,21,22,23,24,25,26,28,29,
1,2,3,4,5,6,8,20,24,27,24,25,26,28,29,
1,2,3,4,5,6,7,10,12,16,20,24,25,26,28,29,
1,2,3,4,5,6,7,10,12,16,20,24,27,24,27,24,27,24,27,24,27,24,27,24,27,24,27,24,27,24,25,26,28,29,
1,2,3,4,5,6,8,20,24,27,24,25,26,28,29,
1,2,3,4,5,6,7,10,12,16,20,24,25,26,28,29,
1,2,3,4,5,6,8,20,24,27,24,25,26,28,29,
1,2,3,4,5,6,7,10,12,16,20,24,25,26,28,29,
1,2,3,4,5,6,8,20,24,27,24,25,26,28,29,
1,2,3,4,5,6,7,10,12,16,20,24,25,26,28,29,
1,2,3,4,5,6,7,10,12,15,17,18,20,19,21,22,23,24,25,26,28,29,
1,2,3,4,5,6,8,20,24,27,24,25,26,28,29,
1,2,3,4,5,6,7,10,12,16,20,24,25,26,28,29,
1,2,3,4,5,6,8,20,24,27,24,25,26,28,29,
1,2,3,4,5,6,7,10,12,16,20,24,25,26,28,29,
1,2,3,4,5,6,8,20,24,27,24,25,26,28,29,
1,2,3,4,5,6,7,10,12,16,20,24,25,26,28,29,
1,2,3,4,5,6,8,20,24,27,24,25,26,28,29,
1,2,3,4,5,6,7,10,12,16,20,24,25,26,28,29,
1,2,3,4,5,6,8,20,24,27,24,25,26,28,29,
1,2,3,4,5,6,8,20,24,27,24,25,26,28,29,
1,2,3,4,5,6,7,9,11,14,20,24,27,24,27,24,25,26,28,29,
1,2,3,4,5,6,8,20,24,27,24,25,26,28,29,
1,2,3,4,5,6,8,20,24,27,24,25,26,28,29,
1,2,3,4,5,6,8,20,24,27,24,25,26,28,29,
1,2,3,4,5,6,8,20,24,27,24,25,26,28,29,
1,2,3,4,5,6,8,20,24,27,24,25,26,28,29,
1,2,3,4,5,6,7,9,11,14,20,24,27,24,27,24,25,26,28,29,
1,2,3,4,5,6,8,20,24,27,24,25,26,28,29,
1,2,3,4,5,6,8,20,24,27,24,25,26,28,29,
1,2,3,4,5,6,8,20,24,27,24,25,26,28,29,
1,2,3,4,5,6,8,20,24,27,24,25,26,28,29,
1,2,3,4,5,6,8,20,24,27,24,25,26,28,29,
1,2,3,4,5,6,8,20,24,27,24,25,26,28,29,
1,2,3,4,5,6,7,10,12,16,20,24,27,24,25,26,28,29,
1,2,3,4,5,6,7,10,12,16,20,24,27,24,25,26,28,29,
1,2,3,4,5,6,7,10,12,16,20,24,27,24,25,26,28,29,
1,2,3,4,5,6,7,10,12,16,20,24,27,24,25,26,28,29,
1,2,3,4,5,6,7,9,11,14,20,24,27,24,27,24,27,24,27,24,25,26,28,29,
1,2,3,4,5,6,8,20,24,25,26,28,29,
1,2,3,4,5,6,7,9,11,14,20,24,27,24,27,24,27,24,27,24,25,26,28,29,
1,2,3,4,5,6,8,20,24,25,26,28,29,
1,2,3,4,5,6,7,10,12,16,20,24,27,24,25,26,28,29,
1,2,3,4,5,6,8,20,24,25,26,28,29,
1,2,3,4,5,6,7,10,12,16,20,24,27,24,25,26,28,29,
1,2,3,4,5,6,7,9,11,14,20,24,27,24,27,24,27,24,27,24,25,26,28,29,
1,2,3,4,5,6,8,20,24,25,26,28,29,
1,2,3,4,5,6,8,20,24,27,24,25,26,28,29,
1,2,3,4,5,6,7,10,12,15,17,18,19,21,20,22,23,24,27,24,25,26,28,29,
1,2,3,4,5,6,8,20,24,27,24,25,26,28,29,
1,2,3,4,5,6,7,10,12,15,17,18,19,21,20,22,23,24,27,24,25,26,28,29,
1,2,3,4,5,6,7,10,12,16,20,24,27,24,27,24,27,24,27,24,27,24,27,24,25,26,28,29,
1,2,3,4,5,6,8,20,24,27,24,25,26,28,29,
1,2,3,4,5,6,7,9,11,13,17,18,19,20,21,22,23,24,27,24,25,26,28,29,
1,2,3,4,5,6,8,20,24,27,24,25,26,28,29,
1,2,3,4,5,6,8,20,24,27,24,25,26,28,29,
1,2,3,4,5,6,8,20,24,27,24,25,26,28,29,
1,2,3,4,5,6,8,20,24,27,24,25,26,28,29,
1,2,3,4,5,6,7,9,11,13,17,18,19,20,21,22,23,24,27,24,27,24,25,26,28,29,
1,2,3,4,5,6,8,20,24,25,26,28,29,
1,2,3,4,5,6,7,9,11,13,17,18,19,21,22,23,20,24,27,24,25,26,28,29,
1,2,3,4,5,6,8,20,24,25,26,28,29,
1,2,3,4,5,6,7,9,11,13,17,18,19,21,22,23,20,24,27,24,25,26,28,29,
1,2,3,4,5,6,8,20,24,25,26,28,29,
1,2,3,4,5,6,7,9,11,13,17,18,19,21,22,23,20,24,27,24,25,26,28,29,
1,2,3,4,5,6,8,20,24,25,26,28,29,
1,2,3,4,5,6,7,9,11,13,17,18,19,21,22,23,20,24,27,24,25,26,28,29,
1,2,3,4,5,6,8,20,24,25,26,28,29,
1,2,3,4,5,6,8,20,24,27,24,27,24,25,26,28,29,
1,2,3,4,5,6,8,20,24,25,26,28,29,
1,2,3,4,5,6,8,20,24,27,24,27,24,25,26,28,29,
1,2,3,4,5,6,8,20,24,25,26,28,29,
1,2,3,4,5,6,7,9,11,13,17,18,19,21,22,23,20,24,27,24,25,26,28,29,
1,2,3,4,5,6,8,20,24,27,24,27,24,25,26,28,29,
1,2,3,4,5,6,8,20,24,25,26,28,29,
1,2,3,4,5,6,7,9,11,13,17,18,19,21,22,23,20,24,27,24,25,26,28,29,
1,2,3,4,5,6,8,20,24,27,24,27,24,25,26,28,29,
1,2,3,4,5,6,8,20,24,25,26,28,29,
1,2,3,4,5,6,8,20,24,25,26,28,29,
1,2,3,4,5,6,8,20,24,27,24,27,24,27,24,25,26,28,29,