1,2,3,4,7,8,6,10,15,13,17,20,18,21,22,23,
1,2,3,5,22,23,
1,2,3,5,22,23,
1,2,3,5,22,23,
1,2,3,5,22,23,
1,2,3,5,22,23,
1,2,3,4,7,6,8,10,13,17,15,18,20,21,22,23,
1,2,3,5,22,23,
1,2,3,5,22,23,
1,2,3,4,7,6,8,10,13,15,16,10,13,17,18,19,20,21,22,23,
1,2,3,5,22,23,
1,2,3,4,6,15,20,7,8,10,13,16,10,13,16,17,18,21,22,23,
1,2,3,5,22,23,
1,2,3,5,22,23,
1,2,3,5,22,23,
1,2,3,5,22,23,
1,2,3,5,22,23,
1,2,3,5,22,23,
1,2,3,5,22,23,
1,2,3,5,22,23,
1,2,3,5,22,23,
1,2,3,5,22,23,
1,2,3,5,22,23,
1,2,3,5,22,23,
1,2,3,5,22,23,
1,2,3,5,22,23,
1,2,3,4,7,8,10,13,17,18,6,15,20,21,22,23,
1,2,3,5,22,23,
1,2,3,5,22,23,
1,2,3,5,22,23,
1,2,3,5,22,23,
1,2,3,5,22,23,
1,2,3,4,6,7,8,9,12,15,14,18,20,21,22,23,
1,2,3,5,22,23,
1,2,3,4,7,8,6,15,9,12,14,20,18,21,22,23,
1,2,3,5,22,23,
1,2,3,5,22,23,
1,2,3,4,7,6,8,15,10,13,16,17,18,19,20,21,22,23,
1,2,3,5,22,23,
1,2,3,5,22,23,
1,2,3,5,22,23,
1,2,3,4,6,15,7,8,20,10,13,17,18,21,22,23,
1,2,3,4,6,15,7,8,20,10,13,17,18,21,22,23,
1,2,3,4,6,7,15,8,9,12,14,18,19,20,21,22,23,
1,2,3,5,22,23,
1,2,3,4,6,15,7,8,10,13,17,18,19,20,21,22,23,
1,2,3,5,22,23,
1,2,3,4,6,15,7,8,20,9,12,14,18,21,22,23,
1,2,3,4,6,15,7,8,10,13,17,18,19,20,21,22,23,
1,2,3,5,22,23,
1,2,3,4,7,6,15,20,8,10,13,17,18,21,22,23,
1,2,3,4,6,15,7,8,10,13,17,18,19,20,21,22,23,
1,2,3,5,22,23,
1,2,3,5,22,23,
1,2,3,5,22,23,
1,2,3,5,22,23,
1,2,3,4,6,7,8,10,15,20,13,16,10,13,17,18,21,22,23,
1,2,3,4,6,15,7,8,20,9,11,14,18,21,22,23,
1,2,3,4,7,6,8,9,11,15,14,18,20,21,22,23,
1,2,3,4,7,8,10,13,6,16,15,17,18,19,20,21,22,23,
1,2,3,5,22,23,
1,2,3,5,22,23,
1,2,3,4,7,8,9,12,6,15,20,14,18,21,22,23,
1,2,3,5,22,23,
1,2,3,4,7,8,9,12,6,15,14,18,19,20,21,22,23,
1,2,3,5,22,23,
1,2,3,5,22,23,
1,2,3,5,22,23,
1,2,3,5,22,23,
1,2,3,5,22,23,
1,2,3,5,22,23,
1,2,3,5,22,23,
1,2,3,4,7,6,8,10,15,20,13,16,10,13,16,10,13,17,18,21,22,23,
1,2,3,5,22,23,
1,2,3,4,6,7,15,8,10,13,17,18,19,20,21,22,23,
1,2,3,4,6,7,15,8,10,13,17,18,19,20,21,22,23,
1,2,3,4,7,6,15,8,9,20,12,14,18,21,22,23,
1,2,3,5,22,23,
1,2,3,4,7,8,6,9,15,11,14,20,18,21,22,23,
1,2,3,5,22,23,
1,2,3,4,7,6,8,9,12,14,18,15,20,21,22,23,
1,2,3,4,7,8,10,13,16,6,10,13,15,16,17,20,18,21,22,23,
1,2,3,5,22,23,
1,2,3,4,7,6,15,8,9,12,14,18,19,20,21,22,23,
1,2,3,5,22,23,
1,2,3,5,22,23,
1,2,3,4,7,8,9,11,6,15,14,18,20,21,22,23,
1,2,3,5,22,23,
1,2,3,5,22,23,
1,2,3,4,7,8,6,10,13,15,16,20,17,18,21,22,23,
1,2,3,4,6,7,8,15,20,9,12,14,18,21,22,23,
1,2,3,4,7,8,6,15,9,11,14,18,19,20,21,22,23,
1,2,3,4,6,7,8,15,20,9,12,14,18,21,22,23,
1,2,3,4,6,7,15,8,10,13,16,17,18,19,20,21,22,23,
1,2,3,4,6,7,15,8,10,13,16,17,18,19,20,21,22,23,
1,2,3,4,6,7,8,15,10,13,16,10,13,16,17,18,19,20,21,22,23,
1,2,3,4,6,7,15,8,10,13,16,17,18,19,20,21,22,23,
1,2,3,4,6,7,15,8,10,13,16,17,18,19,20,21,22,23,
1,2,3,4,7,8,6,15,9,11,14,18,19,20,21,22,23,
1,2,3,4,7,8,6,9,15,11,14,20,18,21,22,23,
1,2,3,4,7,8,6,15,9,11,14,18,19,20,21,22,23,
1,2,3,4,7,6,8,15,10,13,16,20,10,13,17,18,21,22,23,
1,2,3,4,7,8,6,9,11,14,15,18,19,20,21,22,23,
1,2,3,4,7,8,6,9,11,14,15,18,19,20,21,22,23,
1,2,3,4,7,6,8,9,11,14,15,18,19,20,21,22,23,
1,2,3,5,22,23,
1,2,3,5,22,23,
1,2,3,4,6,7,8,15,20,10,13,16,10,13,16,17,18,21,22,23,
1,2,3,5,22,23,
1,2,3,4,7,8,9,6,12,14,18,15,20,21,22,23,
1,2,3,4,6,15,7,20,8,10,13,17,18,21,22,23,
1,2,3,4,6,15,7,20,8,10,13,17,18,21,22,23,
1,2,3,5,22,23,
1,2,3,4,6,7,8,15,20,10,13,17,18,21,22,23,
1,2,3,5,22,23,
1,2,3,5,22,23,
1,2,3,5,22,23,
1,2,3,5,22,23,
1,2,3,4,7,6,8,9,12,14,15,18,19,20,21,22,23,
1,2,3,5,22,23,
1,2,3,4,6,7,8,15,9,11,14,18,19,20,21,22,23,
1,2,3,4,6,15,7,20,8,9,11,14,18,21,22,23,
1,2,3,4,6,15,7,20,8,9,11,14,18,21,22,23,
1,2,3,4,7,8,6,10,15,13,16,20,10,13,16,10,13,17,18,21,22,23,
1,2,3,4,7,6,8,10,13,15,16,10,13,16,10,13,16,10,13,17,18,19,20,21,22,23,
1,2,3,5,22,23,
1,2,3,5,22,23,
1,2,3,5,22,23,
1,2,3,5,22,23,
1,2,3,4,7,6,8,15,10,13,20,17,18,21,22,23,
1,2,3,4,7,6,8,10,15,13,16,17,18,19,20,21,22,23,
1,2,3,4,6,7,8,15,20,9,11,14,18,21,22,23,
1,2,3,4,6,7,8,15,10,13,17,18,19,20,21,22,23,
1,2,3,4,7,8,9,12,6,14,18,15,19,20,21,22,23,
1,2,3,5,22,23,
1,2,3,5,22,23,
1,2,3,5,22,23,
1,2,3,5,22,23,
1,2,3,5,22,23,
1,2,3,4,7,8,9,12,6,14,18,15,20,21,22,23,
1,2,3,4,7,8,9,6,11,14,15,20,18,21,22,23,
1,2,3,4,7,8,10,13,17,18,6,15,19,20,21,22,23,
1,2,3,4,7,8,10,13,17,18,6,15,19,20,21,22,23,
1,2,3,4,7,8,6,9,12,15,14,18,20,21,22,23,
1,2,3,5,22,23,
1,2,3,4,7,8,10,13,6,16,10,15,13,16,17,18,19,20,21,22,23,
1,2,3,4,6,15,7,8,10,13,16,17,18,20,21,22,23,
1,2,3,5,22,23,
1,2,3,5,22,23,
1,2,3,4,6,7,15,8,10,13,20,17,18,21,22,23,
1,2,3,5,22,23,
1,2,3,4,6,7,15,8,10,13,20,17,18,21,22,23,
1,2,3,5,22,23,
1,2,3,5,22,23,
1,2,3,5,22,23,
1,2,3,5,22,23,
1,2,3,5,22,23,
1,2,3,4,7,8,6,15,20,9,12,14,18,21,22,23,
1,2,3,4,7,8,6,15,10,13,17,18,19,20,21,22,23,
1,2,3,4,7,6,8,15,9,12,14,18,20,21,22,23,
1,2,3,4,7,6,8,15,9,11,14,18,19,20,21,22,23,
1,2,3,4,7,6,8,15,9,11,14,18,19,20,21,22,23,
1,2,3,5,22,23,
1,2,3,5,22,23,
1,2,3,4,7,8,9,11,6,14,15,18,20,21,22,23,
1,2,3,5,22,23,
1,2,3,5,22,23,
1,2,3,4,7,6,8,15,9,12,20,14,18,21,22,23,
1,2,3,5,22,23,
1,2,3,5,22,23,
1,2,3,4,6,7,8,9,11,15,14,20,18,21,22,23,
1,2,3,4,7,8,10,13,6,15,17,18,20,21,22,23,
1,2,3,4,7,8,10,13,6,15,17,20,18,21,22,23,
1,2,3,4,7,8,10,6,13,15,16,20,17,18,21,22,23,
1,2,3,4,7,8,9,11,6,14,18,15,20,21,22,23,
1,2,3,4,6,7,8,15,9,12,14,18,19,20,21,22,23,
1,2,3,4,7,6,15,20,8,10,13,16,10,13,16,17,18,21,22,23,
1,2,3,4,7,6,8,10,13,15,17,18,19,20,21,22,23,
1,2,3,5,22,23,
1,2,3,5,22,23,
1,2,3,4,6,7,8,9,11,14,15,18,19,20,21,22,23,
1,2,3,5,22,23,
1,2,3,5,22,23,
1,2,3,5,22,23,
1,2,3,5,22,23,
1,2,3,5,22,23,
1,2,3,5,22,23,
1,2,3,5,22,23,
1,2,3,5,22,23,
1,2,3,5,22,23,
1,2,3,5,22,23,
1,2,3,5,22,23,
1,2,3,5,22,23,
1,2,3,4,7,8,10,6,15,20,13,17,18,21,22,23,
1,2,3,5,22,23,
1,2,3,5,22,23,
1,2,3,5,22,23,
1,2,3,5,22,23,
1,2,3,5,22,23,
1,2,3,5,22,23,
1,2,3,5,22,23,1,2,3,5,22,23,
1,2,3,4,7,8,9,6,11,15,14,20,18,21,22,23,
1,2,3,5,22,23,
1,2,3,4,6,7,8,10,15,13,17,18,19,20,21,22,23,
1,2,3,5,22,23,
1,2,3,5,22,23,
1,2,3,5,22,23,
1,2,3,5,22,23,
1,2,3,5,22,23,
1,2,3,5,22,23,
1,2,3,5,22,23,
1,2,3,4,6,15,7,8,10,13,16,17,18,19,20,21,22,23,
1,2,3,4,6,15,7,8,10,13,16,17,18,19,20,21,22,23,
1,2,3,5,22,23,
1,2,3,4,7,6,15,8,20,9,12,14,18,21,22,23,
1,2,3,5,22,23,
1,2,3,4,7,6,15,8,20,9,12,14,18,21,22,23,
1,2,3,4,6,15,20,7,8,9,12,14,18,21,22,23,
1,2,3,4,6,15,20,7,8,9,12,14,18,21,22,23,
1,2,3,4,6,15,20,7,8,9,12,14,18,21,22,23,
1,2,3,4,7,8,6,15,9,12,14,18,19,20,21,22,23,
1,2,3,4,6,15,20,7,8,9,12,14,18,21,22,23,
1,2,3,4,7,8,6,15,9,12,14,18,19,20,21,22,23,
1,2,3,4,6,15,7,8,10,20,13,16,10,13,16,10,13,17,18,21,22,23,
1,2,3,4,7,8,10,13,6,15,16,10,20,13,17,18,21,22,23,
1,2,3,4,6,15,20,7,8,9,11,14,18,21,22,23,
1,2,3,4,6,15,20,7,8,9,12,14,18,21,22,23,
1,2,3,4,6,15,20,7,8,9,11,14,18,21,22,23,
1,2,3,4,6,15,20,7,8,9,11,14,18,21,22,23,
1,2,3,4,7,8,6,15,9,12,14,18,19,20,21,22,23,
1,2,3,4,7,6,15,8,20,10,13,17,18,21,22,23,
1,2,3,4,7,8,6,15,9,12,14,18,19,20,21,22,23,
1,2,3,5,22,23,
1,2,3,5,22,23,
1,2,3,5,22,23,
1,2,3,5,22,23,
1,2,3,5,22,23,
1,2,3,5,22,23,
1,2,3,5,22,23,
1,2,3,5,22,23,
1,2,3,4,7,8,6,10,13,15,17,18,19,20,21,22,23,
1,2,3,4,7,6,8,15,10,20,13,17,18,21,22,23,
1,2,3,4,7,6,8,15,10,20,13,17,18,21,22,23,
1,2,3,4,7,6,8,10,15,13,20,17,18,21,22,23,
1,2,3,4,7,8,9,6,12,15,14,18,19,20,21,22,23,
1,2,3,5,22,23,
1,2,3,5,22,23,
1,2,3,5,22,23,
1,2,3,5,22,23,
1,2,3,4,6,15,7,8,9,11,14,18,19,20,21,22,23,
1,2,3,4,6,15,7,8,9,11,14,18,19,20,21,22,23,
1,2,3,4,6,15,7,8,9,11,14,18,19,20,21,22,23,
1,2,3,4,6,15,7,8,9,11,14,18,19,20,21,22,23,
1,2,3,4,6,7,8,10,13,15,20,17,18,21,22,23,
1,2,3,4,6,15,7,8,9,11,14,18,19,20,21,22,23,
1,2,3,4,6,15,7,8,9,12,14,20,18,21,22,23,
1,2,3,4,6,15,7,8,9,11,14,18,19,20,21,22,23,
1,2,3,4,6,15,7,8,9,11,14,18,19,20,21,22,23,
1,2,3,4,6,15,7,8,10,13,20,16,17,18,21,22,23,
1,2,3,5,22,23,
1,2,3,5,22,23,
1,2,3,5,22,23,
1,2,3,5,22,23,
1,2,3,5,22,23,
1,2,3,5,22,23,
1,2,3,4,6,15,7,8,10,13,16,10,13,17,18,19,20,21,22,23,
1,2,3,5,22,23,
1,2,3,4,6,15,7,8,9,12,14,18,19,20,21,22,23,
1,2,3,5,22,23,
1,2,3,4,6,15,7,8,9,12,14,18,19,20,21,22,23,
1,2,3,5,22,23,
1,2,3,4,6,15,7,8,9,12,14,18,19,20,21,22,23,
1,2,3,5,22,23,
1,2,3,5,22,23,
1,2,3,4,6,15,7,8,9,12,14,18,19,20,21,22,23,
1,2,3,4,7,6,8,15,10,13,17,18,19,20,21,22,23,
1,2,3,4,7,6,8,15,10,13,17,18,19,20,21,22,23,
1,2,3,4,7,8,6,10,15,13,16,20,17,18,21,22,23,
1,2,3,4,7,8,10,13,6,15,20,16,10,13,16,17,18,21,22,23,
1,2,3,4,7,6,15,20,8,9,11,14,18,21,22,23,
1,2,3,4,6,7,8,10,15,13,16,10,13,20,17,18,21,22,23,
1,2,3,4,7,6,15,8,10,13,16,10,13,16,10,13,16,10,13,16,17,18,19,20,21,22,23,
1,2,3,4,7,6,8,15,9,11,20,14,18,21,22,23,
1,2,3,4,7,6,15,20,8,10,13,16,17,18,21,22,23,
1,2,3,4,7,6,8,15,9,11,20,14,18,21,22,23,
1,2,3,4,6,7,15,8,9,11,14,18,19,20,21,22,23,
1,2,3,4,6,7,15,20,8,10,13,16,10,13,16,10,13,17,18,21,22,23,
1,2,3,4,6,7,15,8,9,11,14,18,19,20,21,22,23,
1,2,3,4,7,8,6,15,20,10,13,16,17,18,21,22,23,
1,2,3,4,6,15,20,7,8,10,13,16,10,13,17,18,21,22,23,
1,2,3,4,7,8,6,15,10,13,16,17,18,19,20,21,22,23,
1,2,3,4,6,7,15,8,9,11,20,14,18,21,22,23,
1,2,3,4,6,15,7,20,8,9,12,14,18,21,22,23,
1,2,3,4,6,15,7,20,8,9,12,14,18,21,22,23,
1,2,3,4,6,15,7,20,8,9,12,14,18,21,22,23,
1,2,3,4,6,15,7,20,8,9,12,14,18,21,22,23,
1,2,3,4,6,15,7,8,9,12,20,14,18,21,22,23,
1,2,3,4,7,8,6,10,15,13,16,10,13,17,18,19,20,21,22,23,
1,2,3,4,6,15,7,8,9,12,20,14,18,21,22,23,