4,10,3,9,6,5,8,7,2,3,10,10,3,10,3,3,10,10,3,3,10,11,
4,6,3,9,10,5,8,7,2,3,3,11,
4,6,5,10,3,8,7,2,2,10,3,10,3,11,
4,6,5,3,9,10,8,7,2,10,3,11,16,
4,6,5,8,3,10,9,7,
4,6,5,10,3,9,7,8,2,11,
4,6,5,8,7,9,3,10,2,10,3,11,
4,6,5,3,9,10,1,2,3,10,3,2,12,
4,6,5,7,10,3,9,2,10,3,11,
4,6,5,3,10,9,8,7,2,3,11,
4,6,5,9,3,10,7,2,10,3,2,8,3,10,11,16,
4,6,5,10,3,9,8,7,2,10,10,10,3,11,16,
4,6,5,
4,6,5,3,9,10,2,8,7,3,10,11,
4,6,5,8,3,10,9,7,2,11,16,
4,6,5,
4,6,5,
4,6,5,3,10,
4,6,5,10,3,9,8,7,2,1,9,10,3,2,10,3,10,11,16,
4,6,5,8,7,3,9,10,2,12,
4,6,5,10,2,10,10,10,10,3,12,
4,6,5,8,10,9,3,7,1,9,3,10,9,9,3,10,2,10,3,11,16,
4,6,5,8,9,10,3,7,2,3,11,
4,6,10,3,9,5,10,3,9,2,3,11,16,
4,6,5,7,3,9,10,8,
4,6,5,10,9,3,1,2,2,11,
4,6,5,10,9,3,8,7,
4,6,5,8,7,9,3,10,2,3,10,11,16,
4,6,5,8,7,3,9,10,
4,6,5,3,10,9,7,2,8,10,3,13,
4,6,5,10,3,9,8,7,2,2,10,3,3,11,16,
4,6,3,9,10,5,8,7,
4,6,5,8,7,3,10,9,2,3,10,11,
4,6,10,3,9,5,2,2,10,3,11,
8,4,6,5,9,3,10,7,
4,5,7,6,10,9,3,2,2,3,9,10,11,16,
4,6,5,8,7,3,9,10,2,10,3,10,3,3,10,11,
4,6,5,10,3,
4,6,5,9,10,3,8,7,2,10,3,3,10,11,
4,6,5,7,8,10,3,9,2,2,10,3,3,10,10,10,10,10,3,9,10,3,10,13,
4,6,5,8,7,9,3,10,10,3,9,
4,6,5,10,3,9,
4,6,5,8,10,9,3,7,2,3,10,3,10,14,
4,6,5,
4,6,5,8,3,9,10,7,2,3,10,3,11,16,
4,6,5,3,10,2,3,10,3,11,
4,6,5,9,10,3,8,7,2,9,11,
4,6,5,3,9,10,8,7,2,3,10,2,11,
4,6,5,3,2,2,11,16,
4,6,5,
4,6,5,10,3,9,
4,6,5,3,9,10,8,7,
4,6,5,3,9,10,8,7,
4,6,5,3,9,10,
4,6,5,3,9,10,8,7,2,2,3,10,3,11,
4,6,5,3,9,10,8,7,2,10,3,11,
4,6,5,10,3,9,8,7,
4,6,5,8,7,3,10,9,
4,10,9,3,6,5,8,7,2,10,3,11,16,
4,6,5,3,9,10,8,7,2,3,10,2,10,3,11,
4,10,3,9,6,5,8,7,2,10,2,3,10,11,
4,6,5,3,9,10,8,7,
4,6,5,9,3,10,7,8,2,11,16,
4,6,9,3,10,5,8,7,2,2,3,10,10,3,3,10,10,3,12,
4,6,5,
4,6,5,10,9,3,8,7,2,3,10,9,2,3,10,3,3,10,3,10,11,
4,6,3,9,10,5,8,7,2,3,10,10,3,10,3,11,
4,6,5,8,3,9,10,7,2,10,3,10,3,10,11,16,
4,6,5,8,3,9,10,7,2,3,10,10,3,10,11,16,
4,6,5,10,3,2,11,
4,6,5,8,7,10,3,9,2,3,2,3,11,16,
4,6,5,10,9,3,2,11,16,
4,6,5,8,3,9,10,7,2,
4,6,5,10,3,9,7,2,2,3,10,11,16,
4,6,5,3,10,
4,6,5,10,9,3,8,7,2,9,12,
4,6,5,3,9,10,7,8,2,2,3,10,10,3,11,
4,6,5,10,9,3,7,2,8,10,3,10,3,10,11,16,
4,6,5,10,9,3,8,7,2,3,10,11,16,
4,6,5,10,3,
4,6,5,8,7,3,10,9,2,2,3,10,14,16,
4,6,5,9,10,3,8,7,2,3,11,16,
4,6,5,9,10,3,8,7,2,3,10,10,3,10,3,10,11,
4,6,5,10,3,2,11,
4,6,5,8,7,10,3,9,2,3,10,11,
4,6,5,10,3,
6,4,5,8,7,10,3,9,2,10,11,16,
4,6,5,8,7,10,3,9,2,3,10,3,10,11,16,
4,6,5,10,9,3,8,7,2,3,10,3,11,
4,6,5,3,9,10,7,2,2,3,3,10,3,3,10,3,10,3,10,11,16,
4,6,5,8,10,3,9,7,2,10,3,10,11,16,
4,6,5,10,3,7,8,
4,6,5,8,7,10,3,3,10,9,1,3,9,10,10,3,9,2,10,3,11,16,
4,6,5,10,3,
4,6,5,10,3,9,8,7,2,3,10,3,10,3,11,
4,6,5,3,10,8,7,2,2,3,3,11,16,
4,6,5,3,9,10,7,8,9,
4,8,6,5,7,3,9,10,1,3,9,10,3,10,9,9,3,10,10,3,9,2,11,16,
4,6,5,8,10,3,7,2,1,9,3,10,10,3,9,9,10,9,3,10,9,9,10,9,3,2,10,3,10,3,11,16,
4,6,5,9,10,3,7,8,2,3,10,3,11,
8,4,6,5,9,3,10,7,2,2,11,16,
4,6,5,8,7,9,10,3,
3,10,4,6,10,3,5,8,7,
4,9,3,10,6,5,9,9,8,7,
4,6,5,9,3,10,8,7,2,1,10,9,3,9,10,3,10,3,9,3,9,10,2,3,10,10,3,11,16,
4,6,8,5,3,9,10,7,2,10,3,11,
4,6,5,10,9,3,8,7,
4,6,5,10,3,9,2,12,
4,6,5,10,3,9,8,7,2,10,2,10,10,3,3,3,10,10,10,10,10,3,2,2,10,10,3,3,10,3,10,11,16,
4,6,5,3,10,9,8,7,3,10,9,
4,6,5,10,9,3,8,7,2,10,3,10,3,13,
4,6,10,3,9,5,8,7,1,1,10,3,9,10,3,9,10,10,3,9,9,3,9,10,9,10,3,10,9,3,2,11,
4,6,5,
4,9,10,3,6,5,8,7,2,2,10,3,11,16,
5,4,6,10,3,9,8,7,1,9,3,3,9,10,2,11,16,
4,6,5,8,3,9,10,7,2,10,3,10,3,11,
4,6,3,9,10,5,8,7,2,10,3,3,10,11,16,
4,6,5,3,10,9,7,2,2,8,3,10,10,3,10,11,
4,3,10,6,5,8,7,1,9,3,10,9,9,10,3,3,10,9,10,3,9,3,9,10,10,3,9,10,9,3,3,9,10,10,3,9,3,10,9,3,10,9,9,10,3,9,3,10,10,3,9,9,10,3,3,10,9,10,3,9,3,9,10,9,3,10,10,3,9,9,3,10,9,10,3,10,3,9,10,9,3,3,10,9,3,9,10,10,3,10,9,10,3,9,10,9,3,9,10,3,3,9,10,10,3,9,9,9,3,10,10,10,3,9,3,9,10,12,
4,10,9,3,6,5,8,7,10,
4,6,5,3,9,10,7,2,2,3,10,12,
4,6,5,10,3,8,7,
4,6,3,9,10,5,7,8,2,10,3,10,3,11,
4,6,5,10,3,7,2,9,2,2,8,10,3,3,10,12,
4,6,5,3,9,10,8,7,2,9,10,3,2,10,3,3,10,10,3,3,10,3,3,3,10,3,10,3,3,14,16,
4,10,9,3,6,5,7,2,2,8,11,
4,6,5,
4,8,6,5,7,3,9,10,2,11,
4,6,5,9,10,3,8,7,
4,6,5,3,10,2,11,
4,6,5,10,3,9,8,7,2,10,3,1,10,9,3,2,11,16,
4,6,5,10,3,9,7,8,2,10,2,3,10,11,16,
4,6,5,10,9,3,8,7,2,2,11,
4,6,5,3,10,
4,6,5,10,3,2,11,
4,6,10,9,3,5,2,3,10,3,10,3,10,3,10,11,16,
4,6,5,10,9,3,8,7,2,2,10,3,3,10,11,
4,6,5,3,9,10,8,7,2,10,3,2,10,3,3,3,11,
4,6,5,10,3,2,11,
4,6,5,10,3,9,7,8,2,2,10,3,3,10,11,16,
4,6,5,3,9,10,7,8,2,10,3,2,10,3,11,16,
4,6,5,3,10,9,7,8,2,10,3,12,
4,6,3,9,10,5,8,7,2,3,10,3,10,11,16,
4,6,5,3,10,
4,6,5,
4,6,5,8,7,3,10,9,
4,6,5,10,9,3,8,7,1,3,9,10,2,3,10,3,10,10,3,11,16,
4,6,5,8,3,10,9,7,
4,6,5,8,3,9,10,7,2,11,
4,6,3,10,5,
4,6,5,8,7,10,3,9,2,3,10,2,3,10,10,3,10,3,11,
4,6,5,9,3,10,8,7,1,10,3,9,9,3,10,3,9,10,11,
4,6,3,9,10,5,1,9,10,3,9,10,3,9,2,11,16,
4,6,5,8,7,10,9,3,
4,6,5,9,10,3,8,7,2,2,10,3,11,
4,6,5,10,9,3,8,7,2,10,10,3,10,10,3,12,
4,3,10,6,5,9,8,7,2,3,10,10,3,3,10,11,16,
4,6,5,8,10,3,9,7,2,10,3,11,16,
4,6,5,9,3,10,7,2,3,10,3,10,10,3,10,3,3,10,10,3,10,3,3,3,10,11,16,
4,6,3,10,5,
4,9,3,10,6,5,7,8,2,10,3,10,3,11,
4,6,5,3,10,9,8,7,
4,6,5,10,3,9,8,7,1,10,3,9,3,9,10,9,10,3,10,3,9,10,3,9,10,9,3,10,9,10,3,10,3,9,2,10,3,3,10,3,10,10,10,10,3,3,10,3,10,10,3,3,10,3,10,10,3,11,16,
4,6,5,8,10,3,9,7,2,2,10,3,11,
10,3,4,6,5,8,9,3,10,7,2,3,3,10,3,10,11,
4,6,5,8,10,3,9,7,
4,6,5,3,10,9,8,7,2,3,10,2,3,10,11,
4,6,5,10,3,
4,6,5,
4,6,5,10,3,8,7,2,2,3,10,10,3,3,10,3,10,3,10,3,10,3,3,10,3,3,10,11,
4,6,5,
4,6,5,3,9,10,8,7,2,10,3,2,3,10,11,
4,6,5,8,10,3,9,7,2,10,3,2,10,3,11,16,
4,6,5,10,9,3,8,7,2,
4,6,3,9,10,5,7,8,2,2,11,16,
4,6,5,3,10,2,10,3,10,10,3,3,10,11,3,10,
4,6,5,3,10,9,8,7,1,9,10,9,3,9,3,9,10,9,10,3,2,10,3,2,3,10,3,3,11,
4,6,5,10,3,9,8,7,2,2,10,3,11,
4,6,5,10,9,3,7,8,2,3,10,3,2,10,10,3,2,3,10,11,16,
4,6,5,8,10,3,9,7,2,2,3,11,
4,6,5,8,10,9,3,7,2,1,3,9,10,9,10,3,2,3,10,3,9,10,3,9,3,10,10,3,11,
4,6,5,8,7,10,3,9,9,2,2,3,10,11,
5,4,6,10,3,
4,6,5,3,10,2,10,10,2,11,
4,6,5,9,3,10,8,7,2,10,3,10,3,10,11,
4,6,5,3,9,10,8,7,2,3,10,11,
4,6,3,10,5,
4,6,5,8,7,10,9,3,2,3,11,
4,6,5,10,3,2,10,3,10,10,10,10,10,9,3,10,11,16,
4,6,5,3,10,9,7,2,2,10,3,10,3,11,16,
4,6,5,10,2,10,10,10,3,10,10,10,10,10,10,3,10,11,
4,6,5,8,7,10,9,3,2,10,10,3,11,
10,3,4,6,5,9,10,3,8,7,2,10,3,3,10,11,
4,6,5,3,10,9,8,7,2,2,1,3,10,9,9,9,10,3,3,9,10,3,10,9,9,3,10,3,10,9,10,9,3,3,10,9,9,10,3,15,16,
4,6,5,10,3,10,
4,6,5,3,10,9,
4,6,5,3,9,10,2,2,11,
4,8,5,7,6,9,3,10,2,10,3,11,16,
4,6,5,10,3,9,8,7,2,3,10,11,16,
4,6,5,9,10,3,2,10,3,10,3,10,3,3,10,10,3,3,10,3,9,3,10,3,3,3,3,10,3,10,3,11,16,
4,6,3,10,5,
4,6,5,3,9,10,7,2,10,3,11,
4,6,5,10,3,9,8,7,
4,6,5,9,10,3,2,3,10,3,10,3,10,3,11,16,
4,6,5,3,10,9,8,7,2,10,3,3,10,11,
4,6,5,9,10,3,8,7,
4,6,5,8,7,9,10,3,2,2,10,3,10,10,10,10,10,3,10,10,10,3,10,3,10,10,3,10,14,
4,6,5,3,9,10,7,2,8,12,
4,6,5,9,10,3,7,2,10,3,11,
4,6,5,10,9,3,7,8,2,10,3,2,3,10,2,10,3,10,3,11,
4,6,5,7,10,3,9,2,11,
4,6,5,8,10,3,7,2,10,10,3,3,10,11,16,
4,6,5,3,9,10,8,7,2,11,
4,6,5,9,3,10,7,2,3,3,10,11,16,
4,6,3,9,10,5,8,7,
4,6,5,10,9,3,8,7,2,3,10,11,
4,6,5,10,3,9,7,2,2,8,3,10,2,10,3,11,16,
4,5,6,8,7,3,10,9,2,2,11,16,
4,6,5,8,3,9,10,7,2,3,10,11,
4,6,5,3,10,2,10,3,3,10,3,10,10,3,3,10,11,
4,6,5,3,10,
4,6,5,3,9,10,8,7,2,10,3,11,16,
4,6,5,3,10,9,7,8,2,10,3,2,10,3,11,16,
4,3,9,10,8,6,5,7,
4,6,5,10,3,1,3,10,9,10,10,10,10,9,9,10,3,10,9,10,3,9,12,
4,6,5,10,10,
4,6,5,10,9,3,7,2,3,10,11,16,
4,6,3,9,10,8,5,7,2,3,9,3,11,
4,6,5,
4,6,5,10,3,
4,6,5,3,10,
4,6,5,3,10,9,7,8,2,3,10,3,10,3,10,3,10,2,10,3,10,11,
4,6,5,3,10,2,11,
4,6,5,10,3,9,8,7,2,3,2,3,11,
4,6,5,9,3,10,8,7,2,3,10,10,3,11,16,
4,6,3,10,5,7,2,9,2,12,
4,6,5,8,7,9,10,3,2,10,3,2,11,
4,6,5,9,3,10,8,7,2,10,3,11,
4,6,5,9,3,10,7,2,2,3,10,3,14,16,
4,6,5,3,9,10,8,7,
10,4,6,5,3,9,10,7,2,2,10,11,
4,6,5,9,3,10,2,11,16,
4,6,10,9,3,5,8,7,2,3,10,11,16,
4,6,5,8,7,10,9,3,
4,6,9,10,3,5,8,7,2,3,10,2,10,3,11,16,
4,6,5,9,10,3,8,7,2,2,10,3,11,16,
4,6,5,8,10,9,3,7,
4,6,3,9,10,5,8,7,2,3,10,10,3,11,16,
4,6,5,9,3,10,
4,6,5,3,10,9,2,8,7,3,11,
4,6,5,9,10,3,2,2,11,
4,6,5,8,3,9,10,7,2,10,3,2,3,10,11,16,
4,6,5,9,10,3,8,7,2,3,10,2,3,10,10,3,3,11,
4,6,5,3,10,9,2,2,3,10,10,3,10,3,10,3,3,10,10,3,13,
4,6,5,9,3,10,7,2,8,3,10,3,10,11,
4,6,5,8,7,9,3,10,2,2,10,3,3,3,10,3,11,16,
4,6,5,3,10,2,3,11,16,
4,6,3,10,9,5,8,7,2,1,3,9,10,9,10,3,9,1,9,3,10,9,10,3,10,3,9,2,3,10,3,10,3,10,2,3,10,11,16,
4,6,5,9,10,3,8,7,2,3,10,10,3,11,
4,6,5,8,7,3,10,9,2,10,10,10,3,2,10,3,3,11,
4,6,5,10,3,9,8,7,2,10,3,3,10,10,3,10,2,3,10,10,10,3,3,10,11,
4,6,5,10,3,9,8,7,1,9,10,3,9,3,9,10,2,3,10,3,11,
10,3,4,6,5,9,10,3,8,7,2,10,3,9,10,3,2,2,3,10,3,10,3,2,12,
4,6,3,10,9,5,8,7,1,9,3,10,10,3,9,3,9,10,2,10,3,11,16,
4,6,10,3,9,5,7,2,3,10,11,
4,6,9,3,10,5,8,7,2,3,10,11,16,
4,6,5,8,7,3,9,10,1,10,3,9,9,3,10,9,10,3,2,11,16,
4,6,5,10,3,9,8,7,2,3,10,3,10,3,11,
4,6,5,10,3,9,8,7,2,2,2,3,10,3,10,11,
4,6,5,10,3,9,8,7,2,10,3,11,
4,6,5,10,3,9,7,2,9,11,
4,6,5,9,3,10,8,7,2,10,3,3,10,2,3,10,3,2,2,3,3,10,3,10,3,3,10,3,3,2,14,
4,6,10,3,5,8,7,2,2,3,10,3,11,
4,6,3,9,10,5,8,7,2,2,10,3,11,16,
4,10,3,9,6,5,7,1,9,10,3,9,10,3,3,10,9,2,10,3,10,3,11,
4,6,5,10,3,9,8,7,2,9,3,3,9,10,10,3,10,3,12,
4,6,5,10,3,9,7,8,2,10,3,10,3,11,
4,6,5,9,3,10,7,
4,6,9,3,10,8,5,2,7,3,3,10,3,10,11,16,
8,4,6,5,7,10,9,3,2,10,3,10,3,11,16,
4,6,5,10,9,3,8,7,2,10,10,3,3,3,11,16,
4,6,5,9,3,10,8,7,2,2,3,10,11,
4,6,5,9,10,3,8,7,2,10,10,11,16,
4,6,5,3,10,2,10,3,2,10,3,11,
4,6,5,8,7,9,10,3,2,10,3,2,3,10,3,11,
4,6,5,8,10,3,9,7,2,3,10,
4,6,5,8,7,3,10,9,2,3,10,11,16,
4,6,5,3,10,
4,9,10,3,6,5,7,8,2,3,10,11,16,
4,6,5,8,10,3,9,7,1,10,3,9,3,9,10,10,9,3,2,12,
4,6,5,8,7,10,3,9,2,3,3,10,10,3,3,10,11,
10,3,4,6,5,8,9,10,3,7,2,10,3,2,3,10,10,10,3,10,10,10,10,10,3,10,10,10,10,10,10,3,3,10,10,3,10,3,3,10,10,3,10,10,3,10,3,10,3,10,10,10,3,3,10,3,10,10,3,10,1,10,3,9,3,9,10,9,10,3,10,3,9,2,10,10,10,10,3,10,10,3,10,10,3,3,10,14,
4,6,5,3,9,10,8,7,2,13,
4,6,5,10,3,9,
4,6,5,10,3,9,7,8,1,3,9,10,9,9,9,3,9,10,9,9,9,9,9,10,3,2,3,10,10,3,11,
4,6,9,10,3,5,8,7,2,3,10,3,10,11,
4,6,5,3,9,10,8,7,2,3,10,11,
4,6,5,10,3,9,8,7,1,9,10,3,10,3,9,2,10,3,3,10,10,10,3,10,3,11,16,
4,6,5,3,9,10,8,7,2,10,3,3,10,10,3,3,3,11,
4,6,5,9,3,10,7,8,2,10,3,10,10,3,3,10,10,11,16,
4,6,5,9,10,3,8,7,2,3,10,10,3,10,3,10,10,3,10,10,3,11,16,
10,3,4,6,5,7,2,10,3,10,3,3,3,10,3,11,
4,6,5,8,7,9,10,3,2,3,10,10,3,10,11,
4,6,9,3,10,5,8,7,2,3,10,10,3,2,10,3,10,10,3,10,3,10,3,10,3,3,10,3,10,3,13,16,
4,6,5,3,10,
4,6,5,10,3,9,2,10,3,2,3,10,10,3,10,3,11,16,
4,6,9,3,10,5,8,7,2,10,3,3,10,2,10,3,2,10,3,11,
10,3,4,6,5,7,2,11,
4,6,5,10,9,3,
4,6,5,9,3,10,8,7,2,3,10,10,3,3,10,11,16,
4,6,5,8,10,3,7,2,3,10,11,
4,6,9,10,3,5,8,10,7,2,2,10,3,3,10,10,3,11,16,
4,6,5,10,3,7,2,2,2,3,11,
4,6,5,10,
4,6,5,10,3,9,7,8,2,10,11,
4,6,5,8,10,9,3,7,2,2,10,10,3,11,
4,6,5,10,9,3,2,8,7,
4,6,5,9,10,3,7,2,2,3,10,3,10,11,16,
4,6,5,3,9,10,8,7,2,10,3,10,3,11,16,
4,6,5,7,10,3,9,8,2,3,10,3,11,
4,6,5,9,3,10,8,7,2,11,
4,6,10,3,5,
4,6,5,9,10,3,7,8,2,10,10,3,10,10,3,10,3,3,10,10,3,11,
4,6,5,10,9,3,8,7,2,3,10,10,3,1,10,3,9,9,3,10,9,10,3,2,10,10,3,11,16,
4,6,5,3,10,9,
4,6,5,3,10,2,10,3,3,10,11,16,
4,9,10,3,6,5,
4,6,5,3,9,10,
4,6,5,10,3,2,11,
4,6,10,3,9,5,7,8,2,2,3,10,10,3,11,16,
4,6,5,8,7,3,10,9,2,10,3,2,10,3,10,3,11,
4,10,9,3,6,5,7,
4,6,5,10,3,9,8,7,2,10,3,3,10,11,
3,10,4,6,5,2,3,3,11,
4,6,5,3,9,10,8,7,2,10,10,3,11,16,
4,6,9,3,10,5,8,7,2,10,3,9,3,10,10,3,11,16,
4,6,5,8,7,10,9,3,2,10,3,11,16,
4,6,5,10,3,
4,6,10,3,5,8,7,12,2,
4,6,5,9,10,3,7,2,3,10,2,10,3,3,11,
4,6,3,9,10,5,8,7,
4,6,5,9,10,3,8,7,1,10,9,3,10,3,9,9,9,3,10,2,10,3,10,3,3,10,3,11,16,
4,5,6,7,10,3,8,2,3,10,3,10,3,3,10,11,
4,6,5,7,10,9,3,8,2,10,3,2,13,
10,3,4,6,5,2,3,10,2,3,10,3,10,3,13,
4,5,6,3,10,9,9,8,7,1,9,10,3,9,3,9,10,2,10,3,10,10,3,10,3,10,3,10,3,10,3,10,10,3,10,3,11,
4,6,5,9,3,10,2,2,10,3,3,10,15,
4,6,5,8,9,3,10,7,2,10,3,1,3,10,9,10,10,9,10,3,9,3,10,9,3,9,10,3,9,10,9,10,3,3,10,9,3,10,9,9,10,3,9,3,10,10,3,9,3,10,9,3,10,9,9,10,3,9,3,10,9,10,3,10,3,10,9,10,9,3,9,10,3,3,9,10,3,10,9,3,9,10,1,3,9,10,10,10,3,9,9,3,9,10,3,10,9,3,9,10,3,9,10,9,3,10,9,10,3,3,10,9,10,3,9,3,10,9,9,10,3,9,10,3,9,10,3,9,3,10,9,3,10,10,3,9,9,10,3,3,9,10,10,3,9,9,3,10,3,9,10,3,9,10,10,9,3,10,9,3,3,9,10,10,2,10,3,10,11,16,
4,6,5,8,9,10,3,7,1,3,10,9,10,9,3,3,10,9,9,3,10,2,10,3,3,10,3,10,3,10,10,3,3,10,11,
4,6,5,3,10,2,3,10,3,10,10,10,10,10,10,10,10,10,3,11,
4,6,5,9,10,3,8,7,2,2,3,3,3,11,16,
4,6,5,3,10,9,8,7,2,10,9,3,2,3,10,10,3,11,16,
4,6,9,3,10,5,8,7,
4,6,5,9,3,10,8,7,2,10,3,11,
4,6,3,10,5,2,11,
4,6,5,10,9,3,7,8,1,3,9,10,9,10,9,3,10,9,9,10,3,9,2,10,3,3,3,3,10,3,10,3,10,3,10,3,10,2,11,16,
4,6,5,10,3,7,8,
4,6,8,10,3,10,9,5,7,
4,6,5,10,3,8,7,2,3,10,3,10,3,10,11,
4,6,5,8,3,9,10,7,2,10,3,10,3,10,11,16,
4,6,5,3,9,10,8,7,2,2,3,10,3,10,3,10,11,16,
4,8,6,5,9,10,3,7,2,10,3,11,16,
4,6,5,9,3,10,8,7,2,3,10,3,2,3,10,3,3,10,10,10,3,3,10,3,3,10,10,11,
4,6,5,3,10,9,7,8,
4,6,5,3,9,10,8,7,2,10,3,3,10,3,10,10,3,3,10,10,3,3,10,3,3,11,
4,6,5,10,3,9,7,8,2,2,12,
4,6,5,3,10,
4,6,5,3,9,10,8,7,
4,8,6,5,3,9,10,7,2,10,2,9,3,10,9,10,3,10,3,9,3,10,12,
4,6,5,9,10,3,8,7,2,10,3,2,10,3,9,3,10,2,10,1,3,9,10,10,10,3,9,10,2,10,3,10,10,10,10,3,10,3,10,14,16,
4,6,5,8,10,3,9,7,2,2,3,10,10,3,3,10,11,16,
4,6,5,9,3,10,8,7,2,10,3,
4,6,3,9,10,5,8,7,2,3,10,11,
4,8,6,5,3,9,10,7,2,2,10,3,2,11,
4,6,5,8,7,10,3,9,2,3,10,10,3,11,16,
3,10,4,6,5,2,3,10,1,10,3,9,10,10,1,10,3,9,10,10,10,9,3,10,9,10,3,3,9,10,2,11,16,
4,6,5,7,3,10,2,10,3,8,3,10,11,
4,6,9,10,3,5,8,7,2,10,3,2,3,10,11,
10,4,6,5,10,3,
4,6,5,8,7,10,3,9,2,3,10,2,10,3,10,11,
4,6,10,9,3,5,8,7,2,3,10,10,3,10,3,3,10,3,10,12,
4,6,5,10,3,9,8,7,
4,6,5,9,10,3,2,2,7,8,3,10,3,10,3,3,10,2,1,9,10,3,3,10,9,2,11,
4,6,5,10,3,
4,6,5,9,10,3,7,8,2,1,9,3,10,3,10,9,3,10,9,2,3,10,3,10,3,10,11,16,
4,6,5,10,9,3,8,7,2,10,3,3,10,10,10,3,10,3,10,10,3,14,16,
4,10,3,9,6,5,8,7,2,2,3,10,3,10,11,16,
3,10,4,10,3,6,5,
4,6,5,10,3,
4,6,5,10,2,11,16,
4,6,5,9,10,3,
4,3,10,6,5,7,2,11,
4,6,8,10,3,9,5,7,2,10,3,2,3,10,11,16,
4,6,5,9,10,3,8,7,2,10,3,10,3,11,16,
4,10,3,9,6,5,7,8,2,1,9,3,10,9,3,10,10,3,9,3,10,9,3,9,10,2,3,11,
4,6,5,10,3,9,8,7,2,1,3,9,10,3,9,10,2,3,10,11,
4,6,5,10,3,9,8,7,2,3,10,9,3,10,3,10,10,3,10,3,10,3,10,3,11,
4,6,5,8,9,10,3,7,2,2,3,10,3,10,3,11,16,
4,6,5,8,10,3,9,7,2,2,11,16,
4,6,5,8,10,3,7,2,3,10,3,10,10,3,11,16,
4,6,5,10,3,9,8,7,
4,6,10,3,9,8,2,5,7,11,
4,6,5,8,9,3,10,7,2,2,10,3,11,
4,6,5,10,3,9,7,2,10,3,11,
4,6,5,10,9,3,7,2,10,3,3,10,11,
4,6,5,8,10,9,3,7,2,10,3,11,16,
4,5,6,3,10,8,7,9,1,10,3,10,9,10,3,9,10,
4,6,10,3,9,5,8,7,2,10,3,3,3,10,11,16,
4,6,5,9,10,3,8,7,1,9,9,10,9,3,9,10,9,9,10,3,9,9,3,9,10,10,3,9,10,3,9,2,11,16,
4,6,5,9,10,3,2,
4,6,5,8,3,10,9,7,2,3,10,10,10,3,9,9,10,3,3,10,11,16,
8,4,6,5,10,3,9,7,2,10,3,9,3,10,3,10,11,16,
4,6,5,7,9,10,3,2,12,
4,6,5,10,3,9,8,7,2,2,3,10,9,10,10,3,3,10,10,3,10,3,3,10,10,3,11,
4,6,5,8,7,3,9,10,2,3,10,11,
4,6,5,8,3,10,9,7,2,3,10,
4,6,5,2,1,10,3,9,10,9,3,10,3,9,2,3,10,10,3,3,10,11,
4,6,5,8,7,10,9,3,2,2,10,3,3,10,13,
4,6,10,3,5,8,9,7,2,3,10,3,10,11,
4,6,5,8,3,9,10,7,
4,6,5,3,10,7,
4,6,3,10,9,2,5,8,7,11,
4,6,5,9,10,3,2,2,3,10,11,
4,6,5,3,10,8,7,2,10,3,2,3,10,3,11,16,
4,6,5,10,3,
4,8,6,9,10,3,5,7,2,11,
4,5,6,8,9,3,10,7,2,3,9,10,3,10,3,10,10,3,12,
4,6,5,8,3,10,9,7,2,9,3,10,3,10,9,3,10,9,10,3,11,16,
4,6,5,10,9,3,8,7,2,10,3,3,10,3,11,16,
4,6,5,3,9,10,8,7,
4,6,5,10,3,
4,6,5,9,10,3,8,7,2,3,10,2,10,3,3,10,11,
4,6,10,3,5,2,10,3,10,10,3,3,10,11,
4,6,5,
4,6,5,10,3,9,8,7,2,10,3,2,10,3,11,
4,6,5,9,3,10,8,7,2,2,11,
4,6,9,3,10,5,8,7,2,2,3,10,10,3,12,
4,6,5,10,3,9,8,7,1,10,3,9,2,10,3,11,
4,6,5,9,10,3,8,7,2,10,2,10,11,
4,6,5,3,10,9,8,7,2,3,10,10,3,2,2,10,3,10,3,10,10,3,3,10,10,3,10,10,3,12,
4,8,5,7,6,9,10,3,2,10,3,11,
4,6,5,10,3,9,8,7,2,3,10,3,10,11,
4,6,5,3,10,9,8,7,2,3,10,11,
4,5,7,6,3,10,9,8,2,3,10,2,11,
4,6,5,3,9,10,8,7,
4,6,5,10,3,9,8,7,2,2,3,10,10,3,10,10,3,3,10,3,10,10,10,3,10,3,3,10,11,16,
4,6,3,10,9,5,2,12,
4,6,5,10,9,3,7,2,3,11,
4,6,5,10,3,9,8,7,2,2,10,3,11,
4,6,5,10,3,9,8,7,2,10,3,11,16,
4,6,3,10,9,5,8,7,2,10,10,10,3,3,10,10,3,12,
4,6,3,10,5,2,3,10,3,11,16,
4,6,5,9,10,3,8,7,2,9,3,10,2,3,9,10,10,3,3,11,16,
4,6,5,9,3,10,7,2,3,10,2,3,3,10,11,16,
4,6,5,3,10,
4,6,5,7,10,9,3,2,3,3,10,11,
4,6,5,2,11,
4,6,5,9,10,3,7,2,3,11,
4,6,5,8,7,3,9,10,
4,6,5,10,3,1,10,10,10,3,3,12,
4,6,5,8,9,10,3,7,2,10,3,10,3,11,16,
4,6,5,9,10,3,2,2,3,10,11,16,
4,6,5,3,10,9,8,7,2,3,10,14,
4,6,5,9,10,3,8,7,2,10,3,11,16,
4,6,5,10,3,9,8,7,2,2,10,3,11,16,
4,6,5,10,9,3,8,7,2,3,10,11,
4,6,5,10,9,3,8,7,2,10,3,3,3,10,10,3,11,16,3,9,10,
4,6,5,10,9,3,8,7,2,3,10,3,10,3,10,10,3,10,3,10,3,11,16,
4,6,5,8,7,3,10,9,2,11,16,
4,6,5,9,3,10,8,7,2,10,3,3,10,10,3,11,16,
4,6,5,10,3,9,8,7,2,10,3,2,10,3,11,
4,6,5,10,9,3,8,7,
4,6,5,3,9,10,8,7,2,
4,6,5,10,3,
4,6,5,9,3,10,7,8,2,11,
4,6,5,3,10,9,8,7,6,
4,6,5,9,10,3,8,7,2,3,3,10,3,10,11,16,
4,6,5,10,9,3,8,7,2,
4,6,5,10,3,9,7,8,2,3,10,11,
4,6,5,10,9,3,7,8,2,2,2,11,
4,6,5,8,7,10,3,9,2,3,10,3,10,2,3,10,3,10,12,
4,6,5,3,10,9,8,7,1,3,9,10,9,9,3,10,2,3,10,3,11,16,
4,6,10,3,2,5,2,10,3,10,3,10,3,13,
4,6,5,3,10,
8,4,6,5,10,3,9,7,2,11,16,
4,6,5,8,3,9,10,7,2,3,10,3,11,
4,6,5,10,3,9,2,12,
4,6,5,10,3,9,8,7,2,3,10,2,10,3,13,
6,4,5,8,7,10,3,9,2,2,3,10,3,10,13,16,
3,9,10,4,6,5,8,7,2,10,3,3,10,3,10,10,3,13,
4,3,10,6,5,7,
4,6,5,8,7,9,10,3,2,9,10,3,3,10,10,3,11,
4,6,5,10,3,9,8,7,2,10,3,3,11,
4,6,5,3,9,10,8,7,10,3,9,1,10,9,10,9,10,3,9,3,10,12,
4,6,5,8,3,9,10,7,2,3,3,3,13,
4,6,5,10,9,3,7,
8,4,6,5,7,3,10,9,2,2,10,3,10,3,11,
4,6,5,3,9,10,8,7,2,2,2,10,10,3,10,3,1,10,3,9,10,10,10,10,10,10,10,3,9,10,10,10,10,10,10,10,10,9,3,9,10,3,2,10,10,10,11,16,
4,6,5,10,3,9,
4,6,5,10,3,2,3,10,2,3,10,10,3,3,10,12,
4,6,5,9,3,10,8,7,3,9,10,1,9,10,3,10,3,9,10,3,9,9,10,3,3,9,10,10,3,9,10,3,9,2,10,10,3,10,10,3,10,10,3,14,16,
4,6,5,3,10,9,8,7,2,3,3,10,3,10,10,3,10,3,3,10,3,10,11,
4,6,10,3,5,8,7,2,10,3,10,3,3,10,3,3,10,3,10,3,10,3,10,10,3,3,10,10,3,3,3,3,10,3,10,3,3,10,11,
4,6,5,8,9,10,3,7,2,2,9,10,3,10,3,10,3,3,10,3,11,16,
4,6,5,3,9,10,8,7,2,10,3,10,10,11,16,
8,4,6,5,7,9,10,3,2,2,3,10,10,11,16,
4,6,5,10,3,9,
4,6,5,9,10,3,8,7,2,3,11,16,
4,6,5,10,3,9,8,7,2,11,
4,6,5,10,9,3,8,7,2,3,10,11,
4,6,5,10,3,9,8,7,2,11,
4,6,5,3,10,9,8,7,2,10,3,11,16,
4,6,5,10,9,3,8,7,2,3,10,10,3,10,3,3,10,3,10,13,
4,6,5,10,9,3,8,7,2,10,3,2,3,10,11,
4,6,5,8,7,10,3,9,2,2,3,10,3,10,10,11,
4,6,5,10,3,9,
4,6,5,8,9,10,3,7,2,10,3,10,3,3,10,10,3,10,3,13,16,
4,6,5,3,10,9,8,7,1,9,9,3,10,2,10,3,10,3,10,3,10,11,16,
4,6,5,10,3,9,8,9,10,3,7,2,11,16,
4,6,5,3,9,10,8,7,
4,6,5,8,10,3,9,7,2,10,3,11,16,
4,6,5,9,3,10,7,2,8,3,10,11,
4,6,5,10,3,9,2,2,11,
4,6,5,9,3,10,8,7,2,11,
4,6,5,9,10,3,7,1,9,10,3,10,3,9,10,3,9,3,10,9,3,10,9,9,10,3,10,3,9,2,3,10,3,10,10,2,11,
4,6,5,9,3,10,2,10,3,2,10,3,10,3,10,3,10,3,10,3,11,16,
4,6,5,10,3,9,8,7,2,10,3,3,10,11,
4,6,5,9,3,10,8,7,2,2,3,10,3,10,11,16,
4,6,5,3,10,9,7,2,2,10,3,10,3,11,
4,6,5,8,9,10,3,7,2,2,10,3,11,
4,10,3,9,6,5,7,2,2,10,3,2,1,9,3,10,9,3,10,10,9,3,2,10,3,3,10,3,11,
4,6,8,10,3,9,5,7,2,3,11,16,
4,6,5,8,7,10,9,3,2,2,10,3,3,10,3,10,11,
4,6,5,9,10,3,8,7,2,2,10,3,10,3,11,16,
4,6,3,9,10,5,8,7,2,3,10,2,11,
4,6,5,10,3,9,8,7,2,10,3,
4,6,5,8,10,9,3,7,2,11,16,
4,6,5,8,9,3,10,7,2,3,9,10,2,10,3,11,16,
4,6,5,10,3,
4,10,3,9,6,5,7,8,2,10,3,11,
4,6,5,10,3,9,8,7,2,10,3,2,10,3,2,11,
4,6,3,9,10,5,8,7,2,10,3,10,10,3,10,2,11,16,
4,6,3,10,9,5,8,7,2,10,3,10,3,10,3,10,11,16,
4,6,9,3,10,8,5,7,2,2,3,10,3,10,3,11,16,
4,6,5,3,10,9,8,7,2,10,3,10,14,
4,6,5,8,7,9,10,3,2,10,3,11,
4,6,5,8,7,10,9,3,2,3,10,3,10,11,
4,6,5,3,10,9,2,3,10,11,16,
4,6,5,8,10,9,3,7,2,
4,6,5,9,10,3,7,8,2,3,10,10,11,16,
4,6,5,3,9,10,2,10,3,10,3,11,
4,6,5,10,3,8,7,2,10,10,10,10,10,11,16,
4,6,5,
4,6,5,7,8,9,3,10,2,2,10,3,10,3,11,
4,10,9,3,6,5,8,7,2,2,3,3,10,3,10,11,
4,6,5,3,9,10,8,7,
4,6,5,10,3,9,7,2,10,3,8,11,16,
4,6,5,8,7,3,9,10,2,10,3,3,10,11,
4,6,5,8,9,3,10,7,2,3,10,2,3,10,3,10,3,10,3,11,
4,10,9,3,6,5,8,7,2,2,3,10,11,16,
4,6,10,3,9,5,8,7,2,2,10,3,10,10,3,10,3,10,3,3,10,3,10,3,3,10,3,3,3,10,3,3,10,10,10,10,3,12,
4,6,5,8,9,3,10,7,2,2,10,3,9,10,3,3,10,11,16,
10,3,4,6,5,7,2,3,10,2,3,10,2,1,10,9,3,3,9,10,10,10,9,3,2,10,3,10,3,10,3,3,10,11,
4,6,5,8,10,9,3,7,2,
4,6,10,9,3,5,2,2,3,10,10,3,3,10,3,3,10,3,3,14,
4,6,5,10,2,11,
4,6,5,9,10,3,8,7,2,10,3,3,10,11,
4,6,5,9,10,3,8,7,2,9,2,9,10,3,9,3,11,
4,6,5,9,10,3,7,8,
4,6,5,
4,6,5,3,9,10,8,7,2,11,
4,9,3,10,6,5,8,7,2,11,
4,6,5,3,9,10,8,7,2,3,10,9,2,3,10,11,
4,6,5,10,9,3,8,7,2,10,3,11,
4,6,5,3,9,10,8,7,
4,6,5,9,3,10,7,10,3,8,
4,6,5,8,7,9,10,3,
4,6,5,8,7,9,10,3,2,10,3,10,3,12,
4,3,10,9,6,5,8,7,2,3,10,3,10,10,3,11,
4,6,3,10,5,8,9,7,
4,6,5,8,7,10,9,3,2,3,9,10,10,3,11,
4,6,10,3,5,2,11,16,
4,6,5,10,3,2,10,3,10,3,3,10,3,10,10,3,3,10,14,
4,6,10,3,9,5,8,7,2,3,10,2,3,10,3,11,
4,8,6,5,7,9,3,10,2,3,11,
4,6,10,3,9,5,7,2,8,
4,6,5,10,3,9,8,7,2,2,10,3,11,16,
4,6,5,3,10,9,8,7,2,
4,6,5,
4,6,5,10,9,3,8,7,2,12,
4,6,5,10,3,9,8,7,2,3,10,10,3,10,3,11,16,
4,6,5,9,10,3,8,7,2,3,10,10,3,11,16,
4,6,5,3,10,
4,6,5,9,3,10,8,7,2,3,10,3,10,11,
4,6,10,9,3,5,8,7,
4,6,5,8,7,10,9,3,2,10,3,3,10,3,10,3,10,3,10,11,16,
4,6,5,9,10,3,8,7,2,10,3,11,
4,6,5,3,10,9,7,
4,8,6,10,3,9,5,7,2,9,10,2,2,10,3,3,10,10,3,10,11,
4,3,9,10,6,5,8,7,2,2,10,3,3,10,11,
4,6,9,10,3,5,8,7,2,10,3,2,11,
4,6,5,9,10,3,8,7,2,10,3,2,10,3,10,3,10,3,10,3,10,3,11,
4,6,10,9,3,5,8,7,2,3,10,10,3,10,3,2,3,10,11,16,
5,8,7,4,6,9,3,10,9,3,10,
4,6,5,10,3,6,
10,4,6,5,8,3,10,9,7,2,3,10,11,
4,6,5,9,10,3,8,7,2,2,10,3,3,10,11,16,
4,6,5,9,10,3,8,7,2,2,3,11,16,
10,3,4,6,5,8,9,7,2,2,3,10,3,3,11,
4,6,5,9,3,10,8,7,2,9,10,3,10,3,3,10,3,10,3,10,3,3,10,10,3,10,3,2,2,12,
4,6,5,9,3,10,8,7,2,2,9,3,10,10,3,10,3,11,
4,6,5,3,10,9,8,7,2,3,10,3,10,3,10,11,
4,6,5,3,10,9,8,7,2,3,3,11,
4,6,5,9,3,10,7,8,2,2,10,3,11,16,
4,6,5,3,9,10,8,7,2,10,3,2,3,10,11,
4,6,5,8,7,10,3,9,2,9,10,3,2,2,10,3,10,3,11,
4,6,5,3,10,9,8,7,2,9,3,10,10,3,10,10,10,10,10,2,11,16,
10,4,6,5,8,10,3,9,7,2,10,3,11,16,
6,4,5,3,10,9,8,7,2,10,3,2,11,16,
4,6,5,8,10,3,9,7,1,3,9,10,1,2,3,10,11,16,
4,6,5,3,9,10,8,7,2,3,10,10,3,10,3,11,
4,6,5,10,3,2,3,10,3,11,
4,6,5,8,10,9,3,7,2,2,3,10,11,
4,6,5,10,3,9,
4,6,3,10,9,5,8,7,2,3,10,10,3,3,10,11,16,
4,6,5,9,3,10,7,2,3,10,2,10,3,11,
10,3,4,6,10,3,9,5,8,7,2,3,11,
4,6,5,10,9,3,7,8,2,2,10,3,3,10,3,2,2,3,2,10,3,3,10,11,
4,6,5,9,3,10,7,2,3,10,2,3,10,10,3,11,16,
5,4,6,3,10,9,7,8,2,10,3,2,10,3,12,
4,6,5,8,9,10,3,7,2,11,
4,6,5,10,9,3,8,7,
4,8,6,5,9,10,3,7,1,9,10,9,3,2,3,10,11,
6,10,3,9,10,4,1,9,10,3,3,9,10,3,10,9,10,9,3,10,3,9,9,3,10,2,10,3,11,16,
10,4,6,5,3,9,10,8,7,2,3,10,11,
4,6,5,10,3,9,8,7,2,10,3,11,
4,6,5,9,3,10,7,2,3,3,10,11,
4,6,5,3,9,10,7,8,2,3,10,3,11,16,
4,6,5,10,3,
4,6,5,8,3,10,9,7,2,3,10,10,3,2,2,2,3,10,2,10,10,3,3,10,10,3,10,3,12,
4,6,5,3,10,
4,6,5,10,9,3,8,7,2,10,3,9,3,10,2,3,10,10,3,11,
4,6,5,8,7,10,3,9,2,3,10,10,3,11,16,
4,6,5,3,9,10,8,7,
4,6,5,3,10,
4,6,5,10,9,3,7,8,
3,10,4,6,5,9,3,10,8,7,2,12,
4,6,5,8,7,3,10,9,2,1,9,10,3,9,10,3,9,9,10,3,9,10,3,9,10,3,9,10,3,10,3,9,9,10,3,10,3,9,10,3,9,9,10,3,3,9,10,10,3,9,3,10,9,3,9,10,10,3,9,10,3,9,9,10,3,3,9,10,10,3,9,10,3,9,3,9,10,10,9,3,9,2,2,11,
4,6,5,9,10,3,8,7,2,11,
4,6,3,10,9,5,2,10,3,10,3,3,10,3,10,10,3,3,10,10,3,12,
4,6,5,10,3,9,
4,6,5,10,3,9,8,7,2,2,3,10,1,3,9,10,10,9,3,2,3,10,2,3,10,10,3,3,10,3,10,3,15,
4,6,5,10,9,3,8,7,2,10,2,3,10,11,
4,6,5,10,3,7,8,2,10,10,10,12,
4,6,9,10,3,5,8,7,2,2,3,10,10,3,3,11,16,
4,6,9,3,10,5,8,7,2,2,10,3,11,
4,6,5,3,10,9,7,2,8,3,10,3,10,11,16,
4,6,8,5,9,3,10,7,2,2,10,3,10,3,10,3,11,16,
4,6,3,9,10,5,8,7,2,3,10,3,10,10,10,3,11,16,
4,6,5,3,10,
4,6,5,
4,6,5,3,9,10,
4,6,5,9,10,3,8,7,
4,6,5,10,3,2,3,3,10,3,10,10,3,10,3,11,
4,6,5,3,9,10,8,7,
4,9,10,3,6,5,2,10,3,3,10,11,
3,4,6,5,8,9,10,3,7,2,1,10,9,3,9,3,10,2,10,3,10,3,11,
4,6,5,8,7,9,10,3,2,3,10,2,11,16,
4,6,5,
4,10,3,9,6,5,8,7,2,
4,6,9,10,3,5,7,8,2,2,3,10,10,3,3,10,11,
4,6,5,
4,6,5,3,9,10,7,2,8,10,3,11,16,
4,6,5,10,3,9,8,7,2,9,2,2,2,3,10,3,10,3,10,2,11,
4,6,5,10,3,9,8,7,
4,6,5,10,3,9,8,7,2,10,3,2,3,10,11,
4,6,5,9,3,10,7,2,10,3,2,10,3,10,3,10,3,3,10,3,10,10,3,11,
4,6,5,10,3,9,9,8,7,3,10,9,1,9,10,3,9,9,9,10,3,2,10,3,9,3,10,10,3,9,2,10,3,10,3,10,3,3,10,12,
4,6,5,3,10,8,7,1,9,9,10,9,3,9,9,9,10,3,9,10,3,2,10,3,3,10,3,10,3,10,3,11,
4,6,5,10,3,9,
4,6,5,3,9,10,8,7,2,2,10,3,10,3,10,10,11,16,
4,6,5,10,3,
4,6,3,9,10,8,2,5,7,1,3,9,10,10,3,9,2,10,3,3,10,11,
4,6,5,3,10,2,11,
4,6,5,10,3,9,8,7,3,10,
4,8,6,5,9,10,3,7,2,3,3,10,2,2,10,3,11,
5,7,8,4,6,3,10,9,2,2,3,10,2,10,3,10,2,10,10,11,16,
4,6,5,10,3,9,7,2,3,10,10,3,11,16,
4,6,5,10,3,9,8,7,2,1,10,3,9,9,10,3,10,3,9,3,9,10,3,9,10,10,3,9,3,9,10,9,3,10,3,9,10,9,10,3,9,10,3,3,10,9,9,3,10,10,3,9,2,3,10,2,2,10,2,11,16,
4,6,5,10,3,9,8,7,10,3,
4,6,3,10,9,5,7,2,2,10,3,10,3,14,16,
4,6,5,9,3,10,7,2,10,11,
4,6,5,10,3,8,7,2,10,3,2,3,3,11,
4,10,9,3,6,5,7,8,
4,6,5,3,10,8,7,9,
4,6,5,3,9,10,8,7,2,10,3,12,
4,6,5,10,10,3,
4,6,5,3,10,9,8,7,2,3,10,9,10,3,10,3,10,3,3,10,3,10,13,16,
8,4,6,5,9,10,3,7,2,10,3,9,3,9,10,12,
4,8,6,10,3,9,5,7,2,2,10,3,3,11,16,
4,6,5,9,10,3,8,7,2,3,10,10,3,11,
4,6,5,8,10,3,9,7,2,11,16,
4,6,5,10,3,9,8,7,2,3,10,11,
4,8,6,5,9,3,10,7,
4,6,10,3,9,5,8,7,2,10,3,10,3,10,3,11,
4,6,5,3,9,10,2,10,3,10,2,9,3,10,12,
4,6,5,10,3,9,7,2,10,3,9,2,8,3,10,11,16,
4,6,5,8,9,3,10,7,2,10,3,10,3,10,3,11,
4,6,5,9,10,3,7,1,3,10,9,10,3,9,2,2,10,3,3,10,11,
4,6,5,9,3,10,2,11,16,
4,6,5,10,3,2,10,2,10,10,10,10,10,10,10,10,3,10,10,10,10,10,15,
4,6,5,2,11,
4,6,5,9,10,3,8,7,
4,6,5,9,10,3,2,3,10,3,10,10,3,11,
4,6,5,
4,6,5,10,3,9,7,2,3,10,1,10,3,9,10,3,9,9,3,10,10,3,9,3,9,10,9,3,10,9,10,3,10,9,3,2,11,
4,6,5,10,3,9,8,7,
4,6,5,10,9,3,8,7,2,3,10,3,10,13,
4,6,5,3,10,9,8,7,1,3,10,9,2,2,10,3,14,
4,6,5,3,10,2,3,10,10,3,15,
4,6,5,9,10,3,8,7,2,10,3,10,3,10,3,10,3,11,
4,6,5,3,10,
4,6,5,8,7,3,10,9,1,3,9,10,9,3,10,2,3,10,11,16,
4,8,6,5,9,10,3,7,2,3,10,11,
4,5,8,7,6,10,9,3,2,2,10,3,11,
4,6,5,10,3,9,8,7,2,10,3,11,
4,6,5,3,9,10,8,7,2,2,3,10,3,3,11,
4,6,5,8,9,10,3,7,2,10,3,10,10,3,3,10,11,
4,6,5,3,9,10,8,7,2,2,10,3,3,11,
4,6,5,10,9,3,8,7,2,3,10,9,9,3,2,3,9,10,3,2,11,
4,6,9,10,3,5,8,7,2,10,3,2,3,11,
4,6,5,9,3,10,8,7,2,3,3,11,
4,6,5,10,3,2,10,3,11,16,
4,6,5,10,9,3,8,7,2,11,16,
4,6,5,3,9,10,8,7,2,3,10,10,3,13,16,
4,6,5,8,10,3,9,7,2,3,3,11,
4,6,10,3,9,5,8,7,
4,6,5,8,3,10,9,7,2,2,10,3,3,10,11,
4,6,5,8,3,10,9,7,2,10,3,2,10,3,3,10,3,10,13,
4,6,5,8,7,10,3,9,2,3,11,
4,6,5,10,3,
4,6,5,3,9,10,2,3,10,9,10,3,11,
4,6,5,8,7,3,10,9,1,9,12,
4,6,5,8,7,9,10,3,1,10,3,9,3,9,10,9,3,10,9,2,3,10,10,3,3,10,3,10,3,10,10,3,11,
4,6,5,3,10,9,7,2,10,3,10,3,11,
4,6,5,10,9,3,8,7,2,9,2,10,3,11,
4,6,5,10,9,3,8,7,2,3,10,11,
4,6,5,8,10,9,3,7,2,3,10,3,10,11,16,
4,6,10,3,5,
4,6,5,3,9,10,2,2,3,3,3,11,
4,6,5,10,9,3,2,2,1,9,10,3,10,9,8,7,10,3,9,9,10,3,2,10,10,11,16,
4,6,5,3,10,9,8,7,2,10,3,10,3,11,
4,6,9,10,3,5,8,7,2,3,11,
4,6,5,3,9,10,8,7,
4,6,5,8,10,9,3,7,2,3,10,9,9,3,10,10,3,9,15,
4,6,5,3,10,9,8,7,
4,6,5,9,10,3,8,7,2,10,3,11,16,
4,6,10,9,3,1,5,8,7,10,9,3,3,9,10,2,10,3,11,
4,6,5,9,3,10,8,7,2,10,3,10,3,11,16,
4,6,5,3,9,10,8,7,2,3,10,10,11,16,
4,6,5,8,3,10,9,7,
4,6,5,3,10,
4,6,5,3,10,9,8,7,2,3,10,3,10,3,3,10,14,16,
4,8,6,5,3,10,7,2,10,3,11,
4,6,5,8,10,3,9,7,
4,6,5,10,3,
8,4,6,5,7,10,3,9,2,2,3,10,3,10,3,11,16,
4,6,5,10,3,
4,6,5,10,3,9,2,10,3,9,
4,6,5,3,10,9,8,7,2,10,3,2,3,10,11,
4,6,5,3,10,9,8,7,2,9,2,10,3,11,16,
4,8,6,5,10,3,9,7,1,10,3,9,2,10,2,11,16,
4,6,5,3,9,10,8,7,2,10,3,10,3,3,10,3,10,3,10,11,16,
4,6,5,10,3,
4,6,5,9,3,10,8,7,2,3,10,3,10,11,16,
4,6,5,8,7,3,9,10,1,10,3,9,9,3,10,2,3,3,10,11,
4,6,5,9,10,3,8,7,2,2,3,10,3,1,9,3,10,9,2,2,3,10,3,10,3,10,3,10,3,10,3,10,3,11,16,
4,6,5,3,10,9,7,8,2,10,3,
4,6,5,8,3,10,9,7,9,
4,6,5,9,10,3,7,2,3,10,3,10,3,10,3,10,3,3,10,11,16,3,10,9,
4,6,5,10,3,9,8,7,2,2,10,11,
4,6,5,
4,6,5,8,7,3,10,9,2,3,10,3,10,10,3,3,11,
4,6,5,10,3,9,8,7,2,3,11,16,
4,6,5,3,9,10,7,2,10,3,2,8,3,10,10,3,11,16,
4,6,5,10,3,2,2,11,16,
4,6,5,8,7,9,10,3,2,3,11,16,
4,6,5,10,3,9,8,7,2,2,10,11,16,
4,6,10,3,9,5,8,7,
4,6,5,
4,6,5,7,3,9,10,8,2,3,10,2,3,10,11,
8,4,6,10,3,9,5,7,1,9,3,10,
4,6,5,8,9,10,3,7,1,9,3,10,2,2,11,
4,6,5,8,7,3,10,9,2,10,3,10,3,10,3,2,10,3,3,10,10,3,14,
4,6,5,10,3,9,8,7,2,2,3,10,9,10,3,11,
4,6,5,10,3,2,10,11,16,
4,6,5,8,3,10,9,7,
4,6,5,3,10,9,8,7,2,10,3,10,3,11,
4,6,5,8,7,10,3,9,2,11,
10,3,4,6,5,3,9,10,8,7,2,10,3,2,3,10,10,10,3,10,3,3,10,3,10,10,3,10,3,11,
4,6,5,8,10,3,9,7,2,10,3,11,16,
8,4,6,5,9,10,3,7,1,10,3,9,3,9,10,2,10,3,10,3,10,3,10,3,3,10,10,3,10,3,11,
4,6,5,9,10,3,
4,6,5,8,7,10,9,3,2,10,3,11,16,
4,6,5,8,9,10,3,7,1,3,10,9,9,10,2,3,11,16,
4,6,5,9,3,10,8,7,2,
3,10,9,4,6,5,7,8,
4,6,3,10,9,5,8,7,2,3,10,3,3,11,
4,6,5,8,9,3,10,7,2,10,3,2,3,11,
4,6,5,3,10,9,7,8,2,10,3,11,16,
4,6,10,3,9,5,8,7,2,11,
4,6,5,10,3,9,7,2,8,10,3,3,10,11,
4,6,5,8,3,10,9,7,2,10,3,3,10,10,3,11,16,3,10,
4,8,6,5,7,9,10,3,2,3,10,11,16,
4,6,5,8,10,9,3,7,2,
4,6,5,10,9,3,8,7,
4,6,5,8,3,9,10,7,2,3,10,3,3,1,10,3,9,10,9,10,3,10,9,10,10,10,10,10,10,12,
4,6,5,9,3,10,8,7,2,3,10,2,10,3,10,3,10,3,3,10,11,
4,6,5,10,9,3,7,1,3,9,10,10,10,10,10,3,9,10,3,9,9,3,10,2,10,3,10,3,10,3,3,10,10,3,10,3,3,10,10,3,10,3,10,3,10,3,10,3,10,3,11,
4,6,3,9,10,5,8,7,2,2,10,3,3,10,3,10,10,3,14,16,
4,6,5,9,10,3,8,7,2,11,
4,10,3,6,5,8,7,
4,6,5,10,3,9,
4,6,5,7,3,10,9,2,11,16,
4,6,3,10,9,2,5,8,7,2,10,3,11,
4,6,5,
4,6,5,9,3,10,8,7,
4,6,5,3,10,8,7,
4,6,5,10,3,9,8,7,2,3,10,11,
4,6,5,9,10,3,8,7,2,11,
4,6,5,8,7,3,10,9,1,9,3,10,3,10,9,2,11,16,
4,6,5,10,3,7,2,3,3,3,3,11,16,
10,3,4,6,5,8,7,3,10,9,2,10,9,2,10,3,1,9,10,3,12,
4,6,5,9,3,10,7,2,3,10,2,3,10,10,3,10,3,11,
4,6,5,10,3,2,2,10,3,11,
4,6,5,10,3,9,
4,6,5,
4,6,5,9,10,3,8,7,2,11,
4,6,5,8,9,10,3,7,
4,6,5,10,3,9,8,7,
4,6,5,10,3,2,11,16,
4,6,5,8,10,3,9,7,2,2,3,10,3,11,16,
4,6,5,3,9,10,8,7,2,11,
4,6,10,3,9,5,8,7,2,10,3,11,16,
4,6,5,3,10,9,8,7,
4,9,10,3,6,5,7,
4,6,5,8,7,10,9,3,1,9,3,9,10,9,3,10,2,10,3,11,
4,6,5,3,10,9,2,12,
4,8,6,5,7,9,10,3,2,12,
4,6,5,8,3,9,10,7,2,6,10,3,3,10,11,16,
4,6,10,9,3,5,
4,6,9,10,3,5,8,7,
4,6,5,10,3,9,7,8,2,2,10,3,10,3,10,11,
4,6,5,8,7,10,9,3,2,10,3,11,16,
4,6,5,10,3,2,1,10,3,9,3,9,10,10,3,9,2,11,16,
4,6,5,8,7,10,9,3,2,10,3,11,
4,6,5,10,3,9,8,7,2,10,3,11,16,
4,6,5,9,10,3,8,7,2,10,3,2,3,10,11,
4,3,9,10,6,5,8,7,2,10,3,11,
4,6,5,10,3,8,7,2,2,12,
4,6,5,8,7,3,9,10,2,10,3,10,10,3,3,10,2,13,
4,6,5,8,10,3,9,7,2,2,3,10,11,
4,6,5,3,10,9,7,2,3,10,8,
4,6,5,9,10,3,8,7,
4,6,10,3,9,5,8,7,2,10,3,9,10,3,3,11,
4,6,5,8,10,3,9,7,2,2,3,10,10,3,11,16,
4,6,5,10,3,9,2,11,
4,6,5,10,3,2,
6,4,10,3,9,5,2,8,7,
4,6,5,8,7,3,9,10,2,10,3,12,
4,6,5,8,3,10,9,7,2,10,2,3,9,10,9,3,10,9,1,3,9,10,3,10,9,9,10,3,3,9,10,3,10,9,10,3,9,9,3,10,9,10,3,9,10,9,3,10,9,3,10,9,9,10,3,10,9,3,3,9,10,3,10,9,3,10,9,10,9,3,3,10,9,3,10,9,9,10,3,10,3,9,10,9,3,3,9,10,10,3,9,10,3,9,10,9,3,2,10,3,10,3,3,10,10,3,10,3,3,10,10,3,3,10,10,3,3,10,3,10,10,3,10,3,10,10,3,2,3,10,10,3,10,3,10,3,3,10,3,10,3,10,10,3,3,10,10,3,3,10,10,3,10,3,3,10,10,10,3,10,3,10,3,3,10,3,10,10,3,10,3,3,10,10,3,10,3,3,10,10,3,10,3,10,13,
4,6,5,8,9,10,3,7,2,2,3,10,11,
4,6,5,8,7,9,10,3,2,2,1,10,3,9,9,9,10,3,2,10,3,11,16,
4,6,5,3,9,10,7,
4,6,5,8,3,10,9,7,2,10,3,10,3,11,
4,6,3,9,10,5,8,7,1,10,3,9,3,10,9,12,
4,6,5,8,7,9,10,3,2,2,10,3,10,3,11,
4,6,5,9,3,10,7,2,10,3,2,3,10,3,11,
4,6,9,10,3,5,8,7,
4,6,5,10,3,9,8,7,2,3,1,3,10,9,9,10,3,10,9,3,3,10,9,9,3,10,2,10,3,2,10,3,3,10,14,16,
4,3,10,9,6,5,8,7,2,3,10,10,3,11,16,
4,6,5,10,3,9,8,7,2,10,3,2,11,16,
4,6,5,10,3,9,8,7,2,3,10,10,3,10,3,10,3,10,3,10,3,10,3,3,10,10,3,11,16,
4,6,5,8,9,10,3,7,2,10,3,11,
4,6,5,8,9,10,3,7,3,10,2,2,3,10,11,
4,6,5,3,9,10,7,8,2,10,3,11,16,
4,6,5,3,10,2,3,14,
4,6,5,3,9,10,8,7,1,3,10,9,9,10,3,9,10,3,10,3,9,10,3,9,2,3,10,3,10,11,
4,6,5,3,9,10,7,2,10,3,3,11,16,
4,6,5,10,3,9,10,3,9,8,7,2,3,11,
4,6,5,9,3,10,8,7,1,9,10,3,2,10,3,11,
4,6,5,10,9,3,8,7,2,3,10,10,3,10,3,11,
4,6,5,10,2,10,11,
4,8,6,5,7,3,10,9,2,11,
4,6,5,8,7,3,10,9,2,3,10,2,11,
4,6,5,10,3,9,8,7,2,3,3,11,16,
4,6,5,3,10,9,8,7,2,2,11,
4,6,3,10,9,5,8,7,2,10,3,3,11,
4,6,5,3,10,9,8,7,
4,6,5,8,9,10,3,7,2,3,10,10,3,11,
4,6,5,10,3,2,3,10,11,
4,6,5,8,7,10,9,3,1,10,9,3,2,3,10,10,11,
4,3,10,9,6,5,8,7,2,3,10,11,
4,6,5,10,3,
4,6,5,10,3,
4,6,5,7,8,10,3,9,2,10,3,11,
4,6,10,3,9,5,8,7,1,10,3,9,
4,6,9,3,10,5,8,7,2,10,3,3,10,10,3,11,
4,6,5,8,7,1,3,10,9,3,10,9,3,9,10,10,3,9,10,3,9,2,10,3,11,16,
4,6,3,10,9,5,8,7,2,10,2,10,10,10,10,11,16,
8,4,6,5,9,10,3,7,1,9,3,10,10,3,9,10,9,3,3,10,9,3,9,10,9,10,3,3,10,9,2,3,10,10,11,16,
4,6,5,10,3,
4,6,5,3,10,
4,6,5,10,3,9,8,7,2,3,11,16,
4,6,5,10,9,3,2,9,10,3,2,2,13,
4,6,5,10,9,3,7,
4,6,5,3,10,9,7,8,2,10,3,2,3,10,11,16,
4,6,5,10,9,3,8,7,2,10,3,3,11,
3,10,4,6,5,10,3,8,7,
4,6,5,8,10,3,9,7,2,10,3,3,11,
4,6,5,3,9,10,8,7,1,9,10,3,9,10,3,9,2,10,3,10,3,3,10,10,3,10,3,10,3,11,16,
4,6,5,10,9,3,7,8,2,3,10,11,16,
4,6,5,9,3,10,8,7,2,10,3,11,16,
4,6,5,10,9,3,7,8,2,2,10,3,3,10,11,
4,6,5,10,3,9,8,7,2,10,3,2,10,3,3,3,10,10,3,10,1,10,3,9,10,10,10,9,10,3,10,10,10,10,3,9,10,10,3,9,2,10,3,11,16,
4,6,5,7,8,10,3,9,2,3,10,2,3,10,11,16,
4,6,5,10,9,3,8,7,2,2,3,10,11,
4,10,3,9,8,6,5,7,
4,6,5,10,3,2,2,10,3,3,10,10,10,3,11,
4,3,10,9,6,5,8,7,2,3,10,3,11,
4,6,5,10,3,9,7,8,1,3,10,9,10,9,9,3,10,10,3,9,10,9,3,9,10,3,2,10,3,10,10,3,10,3,10,11,
4,6,10,3,5,
4,6,5,3,10,
4,6,5,3,10,9,7,8,2,9,3,10,1,10,3,9,2,3,10,10,3,10,3,10,3,10,3,10,3,10,3,10,3,10,3,3,10,10,3,3,10,10,3,3,10,3,10,2,10,3,11,16,
4,6,5,3,10,9,8,7,
4,3,10,6,5,
4,6,5,10,3,9,7,2,8,10,3,3,10,2,2,11,16,
4,6,5,10,3,2,3,11,
4,6,5,3,10,9,2,11,16,
4,3,10,9,6,5,7,2,11,
4,6,5,10,3,9,8,7,2,10,3,3,10,10,3,11,
4,6,9,10,3,5,8,7,2,9,3,10,2,10,3,3,10,11,16,
4,6,5,3,9,10,8,7,2,2,3,10,11,
4,6,5,9,10,3,7,8,2,10,3,
4,6,5,10,3,9,2,3,11,
10,3,4,6,5,
4,6,5,9,3,10,8,7,
4,6,5,10,3,7,10,3,
4,6,5,10,9,3,8,7,2,2,3,10,2,3,10,11,
4,6,5,
4,6,5,8,7,9,3,10,
4,9,10,3,6,5,8,7,10,
4,6,5,10,9,3,8,7,
4,6,5,7,3,9,10,2,10,3,11,16,
4,6,5,8,10,3,9,7,2,3,10,10,3,3,10,10,10,10,10,3,10,3,10,3,10,10,11,
4,6,5,8,7,10,9,3,
4,6,5,
8,4,6,5,3,9,10,7,2,3,3,10,3,10,3,10,3,13,
4,6,5,9,10,3,8,7,2,3,10,10,3,10,3,3,10,10,3,11,
4,9,10,3,8,6,5,7,2,3,10,11,
4,6,5,10,3,9,8,7,2,10,10,3,3,10,3,10,10,3,10,3,10,3,11,
4,6,5,
4,6,5,10,3,9,9,8,7,2,10,3,2,3,10,3,10,11,16,
4,6,5,8,9,10,3,7,2,3,9,10,10,10,3,9,11,
4,6,10,9,3,5,8,7,2,2,10,3,11,16,
4,6,5,8,3,10,9,7,2,3,10,3,10,11,
4,6,5,10,3,9,2,10,3,2,11,
4,6,5,3,9,10,
4,6,5,3,9,10,8,7,2,10,2,3,3,10,10,10,10,3,14,
4,6,8,10,3,9,5,7,
4,6,5,8,9,3,10,7,2,10,3,3,12,
4,6,5,9,3,10,8,7,1,10,9,3,2,11,
4,6,5,10,3,9,8,7,2,10,3,10,3,3,10,10,3,10,3,10,3,11,10,16,
4,6,5,3,10,8,7,2,10,3,1,3,9,10,3,9,10,10,3,9,10,9,3,9,3,10,3,10,9,9,10,3,9,3,10,10,3,9,10,3,9,3,10,9,9,10,3,10,9,3,2,11,
4,6,8,3,10,9,5,7,2,11,
4,6,5,10,3,9,8,7,2,10,3,11,
4,6,10,9,3,5,7,2,2,10,3,3,10,11,16,
4,6,5,10,3,9,8,7,10,2,3,10,11,16,
4,6,5,9,10,3,2,3,10,11,
4,6,5,
4,6,5,9,3,10,7,2,9,8,10,3,11,
4,6,5,3,9,10,8,7,2,2,3,3,10,10,3,2,11,
4,6,5,10,3,9,8,7,2,10,2,3,10,14,
4,6,5,8,10,3,9,7,2,1,9,10,3,9,3,10,2,12,
4,6,5,8,3,10,9,7,2,10,3,11,16,
4,6,5,9,10,3,8,7,1,10,9,3,2,10,3,10,3,10,3,10,3,10,10,10,10,10,10,10,10,10,3,10,10,10,10,10,10,10,3,10,10,3,11,
4,8,6,5,7,10,9,3,2,10,9,3,10,3,11,16,
4,6,5,8,7,3,9,10,2,10,11,
4,6,5,9,10,3,8,7,2,10,10,3,10,3,10,3,10,3,11,16,
4,6,10,3,9,5,8,7,
4,6,9,10,3,5,8,7,
4,6,9,10,3,5,8,7,2,2,10,3,2,10,10,3,10,10,3,11,
4,6,10,3,5,
4,6,5,7,3,10,9,2,2,3,10,3,10,11,
4,6,5,9,10,3,8,7,1,10,9,3,2,10,3,11,
4,6,5,10,9,3,8,7,2,2,11,16,
4,6,10,3,9,5,8,7,2,10,10,3,10,3,10,3,3,10,3,3,10,10,10,3,11,
4,6,5,9,10,3,8,7,2,10,10,10,3,11,
4,6,5,3,10,
4,6,5,10,3,
4,6,5,3,10,
4,6,5,10,3,9,8,7,2,3,11,16,
4,6,5,9,10,3,8,7,2,2,3,10,10,3,10,3,10,3,3,10,3,3,10,11,16,
6,4,10,3,9,5,7,
4,6,5,3,10,9,7,2,10,3,10,3,3,10,10,3,10,3,3,3,13,16,
4,6,5,8,9,10,3,7,2,10,3,10,3,3,10,3,10,10,3,10,3,3,10,11,
4,6,5,10,3,9,8,7,
4,8,6,10,3,9,5,7,2,3,10,10,3,2,11,
4,6,5,8,7,10,3,9,
4,6,5,3,10,2,3,10,2,10,3,3,11,16,
4,6,5,10,9,3,8,7,
4,6,5,3,10,1,3,10,9,10,9,3,9,3,10,10,3,9,3,10,9,10,3,9,10,3,9,10,3,9,9,3,10,2,10,3,9,10,10,3,9,3,10,3,2,3,10,3,10,3,10,10,3,10,3,3,10,10,3,11,16,
4,6,5,9,3,10,8,7,2,11,16,
4,6,5,10,3,2,10,3,11,
4,6,5,10,9,3,8,7,2,3,11,16,
4,6,5,3,10,9,7,2,
4,6,5,
4,6,5,9,3,10,7,8,2,3,10,10,3,10,3,11,16,
4,3,9,10,6,5,8,7,2,2,2,11,16,
4,6,5,10,3,2,2,3,10,3,10,3,11,
4,6,5,
4,6,3,10,5,
5,4,6,8,7,3,10,9,2,3,10,2,10,3,10,3,11,
4,6,5,8,3,10,9,7,2,10,3,3,10,10,3,3,10,10,3,14,
4,6,5,10,2,11,
4,6,3,10,9,5,8,7,
4,6,5,8,7,10,9,3,2,10,3,10,3,2,10,3,10,3,2,2,11,
5,4,6,8,7,3,9,10,1,9,10,3,9,10,3,9,10,3,9,2,3,10,3,10,11,16,
4,6,5,10,3,9,8,7,2,3,10,10,3,11,
4,10,3,9,6,5,8,7,2,3,10,3,2,10,3,3,10,11,
4,6,5,3,10,8,7,1,2,10,3,10,3,10,3,11,
4,6,5,8,3,10,9,7,2,11,
3,10,4,6,5,9,10,3,8,7,2,3,10,11,
4,6,5,
4,6,5,10,3,
4,6,5,
4,6,5,10,3,2,10,3,11,16,
8,4,6,5,10,9,3,7,9,1,9,3,9,10,9,10,3,10,9,9,3,10,10,9,3,10,3,9,10,3,9,10,3,9,2,10,3,10,3,3,10,3,10,10,3,10,3,10,3,10,3,3,10,10,3,10,10,3,10,3,1,9,10,3,10,12,
4,6,5,3,10,2,10,3,11,
4,6,5,3,10,2,11,
4,6,5,10,3,2,10,10,3,3,10,10,3,10,3,11,16,
4,6,5,10,3,9,8,7,
4,6,5,3,10,
4,6,5,3,9,10,7,2,8,
4,6,5,8,3,9,10,7,1,3,10,9,3,9,10,1,10,3,9,10,10,3,9,2,11,
4,6,5,10,3,9,7,1,3,10,9,9,10,10,3,9,10,3,9,9,10,3,2,3,10,3,3,10,3,11,
4,6,5,
4,6,5,
4,6,5,10,9,3,8,7,2,3,10,9,10,3,11,
4,6,5,