1,2,3,4,5,7,8,9,16,7,17,18,19,20,
1,2,3,4,5,7,8,9,16,7,17,18,19,20,
1,2,3,4,5,7,8,9,16,7,17,18,19,20,
1,2,3,4,5,7,8,9,16,7,17,18,19,20,
1,2,3,4,6,11,12,14,13,15,17,18,19,20,
1,2,3,4,6,11,12,13,14,15,8,9,16,7,8,9,10,11,12,13,14,15,8,9,16,7,17,18,19,20,
1,2,3,4,5,7,8,9,16,7,17,18,19,20,
1,2,3,4,5,7,8,9,16,7,17,18,19,20,
1,2,3,4,5,7,8,9,16,7,17,18,19,20,
1,2,3,4,5,7,8,9,16,7,17,18,19,20,
1,2,3,4,5,7,8,9,16,7,17,18,19,20,
1,2,3,4,5,7,8,9,16,7,17,18,19,20,
1,2,3,4,5,7,8,9,16,7,8,9,16,7,17,18,19,20,
1,2,3,4,5,7,8,9,16,7,8,9,16,7,17,18,19,20,
1,2,3,4,6,11,12,13,14,15,8,9,10,11,12,13,14,15,8,9,10,11,12,13,14,15,17,18,19,20,
1,2,3,4,5,7,8,9,16,7,8,9,16,7,17,18,19,20,
1,2,3,4,5,7,8,9,16,7,8,9,16,7,17,18,19,20,
1,2,3,4,5,7,8,9,16,7,8,9,16,7,17,18,19,20,
1,2,3,4,5,7,8,9,16,7,8,9,16,7,17,18,19,20,
1,2,3,4,5,7,8,9,16,7,8,9,10,11,12,13,14,15,8,9,10,11,12,14,13,15,8,9,10,11,12,14,13,15,17,18,19,20,
1,2,3,4,6,11,12,14,13,15,8,9,10,11,12,13,14,15,8,9,16,7,8,9,10,11,12,14,13,15,17,18,19,20,
1,2,3,4,5,7,8,9,16,7,8,9,10,11,12,13,14,15,8,9,16,7,17,18,19,20,
1,2,3,4,6,11,12,14,13,15,8,9,10,11,12,13,14,15,8,9,10,11,12,13,14,15,8,9,16,7,17,18,19,20,
1,2,3,4,5,7,8,9,10,11,12,13,14,15,8,9,16,7,17,18,19,20,
1,2,3,4,6,11,12,13,14,15,8,9,10,11,12,14,13,15,8,9,16,7,8,9,10,11,12,14,13,15,8,9,10,11,12,13,14,15,8,9,16,7,17,18,19,20,
1,2,3,4,5,7,8,9,10,11,12,13,14,15,8,9,10,11,12,14,13,15,8,9,10,11,12,14,13,15,8,9,16,7,17,18,19,20,
1,2,3,4,5,7,8,9,16,7,17,18,19,20,
1,2,3,4,5,7,8,9,16,7,17,18,19,20,
1,2,3,4,5,7,8,9,16,7,17,18,19,20,
1,2,3,4,5,7,8,9,16,7,17,18,19,20,
1,2,3,4,5,7,8,9,16,7,17,18,19,20,
1,2,3,4,5,7,8,9,16,7,8,9,16,7,8,9,16,7,8,9,16,7,8,9,10,11,12,13,14,15,17,18,19,20,
1,2,3,4,5,7,8,9,10,11,12,14,13,15,8,9,16,7,8,9,10,11,12,14,13,15,8,9,16,7,17,18,19,20,
1,2,3,4,5,7,8,9,16,7,17,18,19,20,
1,2,3,4,6,11,12,14,13,15,8,9,10,11,12,13,14,15,8,9,16,7,8,9,10,11,12,13,14,15,8,9,16,7,8,9,10,11,12,14,13,15,8,9,16,7,8,9,16,7,8,9,10,11,12,14,13,15,8,9,10,11,12,14,13,15,8,9,16,7,17,18,19,20,
1,2,3,4,5,7,8,9,16,7,17,18,19,20,
1,2,3,4,5,7,8,9,16,7,17,18,19,20,
1,2,3,4,5,7,8,9,10,11,12,14,13,15,8,9,10,11,12,14,13,15,17,18,19,20,
1,2,3,4,6,11,12,13,14,15,8,9,10,11,12,14,13,15,8,9,10,11,12,14,13,15,8,9,16,7,8,9,10,11,12,14,13,15,8,9,10,11,12,13,14,15,8,9,16,7,8,9,10,11,12,13,14,15,17,18,19,20,
1,2,3,4,6,11,12,14,13,15,8,9,10,11,12,13,14,15,8,9,16,7,17,18,19,20,
1,2,3,4,6,11,12,14,13,15,8,9,10,11,12,13,14,15,8,9,16,7,17,18,19,20,
1,2,3,4,6,11,12,13,14,15,8,9,10,11,12,13,14,15,17,18,19,20,
1,2,3,4,6,11,12,13,14,15,8,9,10,11,12,13,14,15,17,18,19,20,
1,2,3,4,6,11,12,13,14,15,8,9,10,11,12,13,14,15,17,18,19,20,
1,2,3,4,6,11,12,13,14,15,8,9,10,11,12,13,14,15,17,18,19,20,
1,2,3,4,5,7,8,9,10,11,12,14,13,15,8,9,10,11,12,14,13,15,17,18,19,20,
1,2,3,4,6,11,12,13,14,15,8,9,10,11,12,13,14,15,17,18,19,20,
1,2,3,4,5,7,8,9,10,11,12,13,14,15,8,9,16,7,8,9,10,11,12,13,14,15,17,18,19,20,
1,2,3,4,6,11,12,13,14,15,8,9,10,11,12,13,14,15,17,18,19,20,
1,2,3,4,5,7,8,9,16,7,17,18,19,20,
1,2,3,4,5,7,8,9,16,7,17,18,19,20,
1,2,3,4,5,7,8,9,16,7,17,18,19,20,
1,2,3,4,5,7,8,9,16,7,17,18,19,20,
1,2,3,4,6,11,12,13,14,15,8,9,16,7,8,9,16,7,17,18,19,20,
1,2,3,4,5,7,8,9,16,7,17,18,19,20,
1,2,3,4,6,11,12,13,14,15,8,9,16,7,8,9,16,7,17,18,19,20,
1,2,3,4,6,11,12,13,14,15,8,9,16,7,8,9,16,7,17,18,19,20,
1,2,3,4,6,11,12,14,13,15,8,9,16,7,8,9,10,11,12,13,14,15,17,18,19,20,
1,2,3,4,6,11,12,14,13,15,8,9,16,7,8,9,10,11,12,13,14,15,17,18,19,20,
1,2,3,4,6,11,12,14,13,15,8,9,16,7,8,9,10,11,12,13,14,15,8,9,16,7,8,9,16,7,8,9,10,11,12,14,13,15,8,9,16,7,17,18,19,20,
1,2,3,4,5,7,8,9,16,7,8,9,10,11,12,13,14,15,8,9,10,11,12,14,13,15,17,18,19,20,
1,2,3,4,6,11,12,13,14,15,8,9,10,11,12,14,13,15,8,9,16,7,8,9,10,11,12,13,14,15,17,18,19,20,
1,2,3,4,5,7,8,9,10,11,12,14,13,15,8,9,16,7,8,9,10,11,12,13,14,15,8,9,10,11,12,13,14,15,8,9,10,11,12,13,14,15,17,18,19,20,
1,2,3,4,6,11,12,14,13,15,8,9,10,11,12,14,13,15,8,9,10,11,12,13,14,15,17,18,19,20,
1,2,3,4,6,11,12,13,14,15,8,9,10,11,12,14,13,15,8,9,10,11,12,14,13,15,17,18,19,20,
1,2,3,4,6,11,12,13,14,15,8,9,10,11,12,14,13,15,8,9,10,11,12,14,13,15,17,18,19,20,
1,2,3,4,6,11,12,14,13,15,8,9,10,11,12,14,13,15,8,9,10,11,12,13,14,15,17,18,19,20,
1,2,3,4,6,11,12,13,14,15,8,9,10,11,12,13,14,15,8,9,16,7,8,9,16,7,8,9,16,7,17,18,19,20,
1,2,3,4,6,11,12,13,14,15,8,9,10,11,12,14,13,15,8,9,10,11,12,14,13,15,17,18,19,20,
1,2,3,4,5,7,8,9,10,11,12,13,14,15,8,9,10,11,12,13,14,15,8,9,16,7,17,18,19,20,
1,2,3,4,5,7,8,9,10,11,12,13,14,15,8,9,10,11,12,13,14,15,8,9,16,7,17,18,19,20,
1,2,3,4,5,7,8,9,16,7,8,9,10,11,12,13,14,15,8,9,10,11,12,13,14,15,17,18,19,20,
1,2,3,4,5,7,8,9,16,7,8,9,10,11,12,14,13,15,8,9,10,11,12,13,14,15,17,18,19,20,
1,2,3,4,6,11,12,14,13,15,8,9,10,11,12,14,13,15,8,9,10,11,12,14,13,15,17,18,19,20,
1,2,3,4,6,11,12,14,13,15,8,9,10,11,12,14,13,15,8,9,10,11,12,14,13,15,17,18,19,20,
1,2,3,4,6,11,12,14,13,15,8,9,16,7,8,9,16,7,8,9,10,11,12,13,14,15,8,9,16,7,17,18,19,20,
1,2,3,4,6,11,12,14,13,15,8,9,10,11,12,14,13,15,8,9,16,7,8,9,16,7,8,9,16,7,8,9,16,7,17,18,19,20,
1,2,3,4,6,11,12,13,14,15,17,18,19,20,
1,2,3,4,5,7,17,18,19,20,
1,2,3,4,6,11,12,13,14,15,17,18,19,20,
1,2,3,4,6,11,12,13,14,15,17,18,19,20,
1,2,3,4,6,11,12,13,14,15,17,18,19,20,
1,2,3,4,6,11,12,13,14,15,17,18,19,20,
1,2,3,4,5,7,17,18,19,20,
1,2,3,4,6,11,12,13,14,15,17,18,19,20,
1,2,3,4,5,7,17,18,19,20,
1,2,3,4,6,11,12,13,14,15,17,18,19,20,
1,2,3,4,5,7,17,18,19,20,
1,2,3,4,6,11,12,13,14,15,17,18,19,20,
1,2,3,4,5,7,17,18,19,20,
1,2,3,4,6,11,12,13,14,15,17,18,19,20,
1,2,3,4,5,7,17,18,19,20,
1,2,3,4,5,7,8,9,16,7,8,9,10,11,12,14,13,15,8,9,10,11,12,13,14,15,8,9,16,7,8,9,10,11,12,14,13,15,17,18,19,20,
1,2,3,4,6,11,12,13,14,15,17,18,19,20,
1,2,3,4,5,7,17,18,19,20,
1,2,3,4,6,11,12,13,14,15,17,18,19,20,
1,2,3,4,5,7,17,18,19,20,
1,2,3,4,6,11,12,13,14,15,17,18,19,20,
1,2,3,4,5,7,17,18,19,20,
1,2,3,4,6,11,12,13,14,15,17,18,19,20,
1,2,3,4,5,7,17,18,19,20,
1,2,3,4,5,7,17,18,19,20,
1,2,3,4,6,11,12,14,13,15,8,9,16,7,8,9,16,7,8,9,10,11,12,13,14,15,17,18,19,20,
1,2,3,4,6,11,12,13,14,15,17,18,19,20,
1,2,3,4,6,11,12,13,14,15,17,18,19,20,
1,2,3,4,6,11,12,13,14,15,17,18,19,20,
1,2,3,4,6,11,12,13,14,15,17,18,19,20,
1,2,3,4,6,11,12,13,14,15,17,18,19,20,
1,2,3,4,6,11,12,13,14,15,17,18,19,20,
1,2,3,4,6,11,12,13,14,15,17,18,19,20,
1,2,3,4,6,11,12,13,14,15,17,18,19,20,
1,2,3,4,6,11,12,13,14,15,17,18,19,20,
1,2,3,4,6,11,12,13,14,15,17,18,19,20,
1,2,3,4,6,11,12,13,14,15,8,9,16,7,17,18,19,20,
1,2,3,4,6,11,12,13,14,15,8,9,16,7,17,18,19,20,
1,2,3,4,6,11,12,13,14,15,8,9,16,7,17,18,19,20,
1,2,3,4,6,11,12,13,14,15,8,9,16,7,17,18,19,20,
1,2,3,4,6,11,12,13,14,15,8,9,16,7,17,18,19,20,
1,2,3,4,6,11,12,13,14,15,8,9,16,7,17,18,19,20,
1,2,3,4,6,11,12,13,14,15,8,9,16,7,17,18,19,20,
1,2,3,4,6,11,12,13,14,15,8,9,16,7,17,18,19,20,
1,2,3,4,6,11,12,13,14,15,17,18,19,20,
1,2,3,4,6,11,12,13,14,15,8,9,16,7,17,18,19,20,
1,2,3,4,6,11,12,13,14,15,8,9,16,7,17,18,19,20,
1,2,3,4,6,11,12,13,14,15,17,18,19,20,
1,2,3,4,6,11,12,13,14,15,17,18,19,20,
1,2,3,4,6,11,12,13,14,15,17,18,19,20,
1,2,3,4,6,11,12,13,14,15,17,18,19,20,
1,2,3,4,6,11,12,13,14,15,17,18,19,20,
1,2,3,4,6,11,12,13,14,15,17,18,19,20,
1,2,3,4,6,11,12,13,14,15,17,18,19,20,
1,2,3,4,6,11,12,13,14,15,17,18,19,20,
1,2,3,4,6,11,12,14,13,15,8,9,10,11,12,14,13,15,8,9,16,7,8,9,10,11,12,14,13,15,8,9,16,7,8,9,10,11,12,14,13,15,17,18,19,20,
1,2,3,4,6,11,12,13,14,15,8,9,10,11,12,14,13,15,17,18,19,20,
1,2,3,4,6,11,12,13,14,15,8,9,10,11,12,14,13,15,17,18,19,20,
1,2,3,4,6,11,12,13,14,15,8,9,10,11,12,14,13,15,17,18,19,20,
1,2,3,4,6,11,12,13,14,15,8,9,10,11,12,13,14,15,8,9,10,11,12,14,13,15,17,18,19,20,
1,2,3,4,6,11,12,13,14,15,8,9,10,11,12,14,13,15,17,18,19,20,
1,2,3,4,6,11,12,14,13,15,8,9,10,11,12,14,13,15,8,9,10,11,12,14,13,15,8,9,16,7,8,9,16,7,17,18,19,20,
1,2,3,4,6,11,12,13,14,15,8,9,10,11,12,13,14,15,8,9,10,11,12,14,13,15,17,18,19,20,
1,2,3,4,6,11,12,13,14,15,8,9,10,11,12,14,13,15,17,18,19,20,
1,2,3,4,5,7,8,9,10,11,12,14,13,15,8,9,16,7,17,18,19,20,
1,2,3,4,6,11,12,13,14,15,8,9,10,11,12,14,13,15,17,18,19,20,
1,2,3,4,6,11,12,13,14,15,8,9,10,11,12,14,13,15,17,18,19,20,
1,2,3,4,5,7,17,18,19,20,
1,2,3,4,5,7,17,18,19,20,
1,2,3,4,5,7,17,18,19,20,
1,2,3,4,5,7,17,18,19,20,
1,2,3,4,5,7,17,18,19,20,
1,2,3,4,5,7,17,18,19,20,
1,2,3,4,5,7,8,9,10,11,12,14,13,15,8,9,16,7,8,9,10,11,12,13,14,15,17,18,19,20,
1,2,3,4,6,11,12,13,14,15,8,9,10,11,12,14,13,15,17,18,19,20,
1,2,3,4,5,7,17,18,19,20,
1,2,3,4,6,11,12,13,14,15,8,9,10,11,12,14,13,15,17,18,19,20,
1,2,3,4,5,7,17,18,19,20,
1,2,3,4,5,7,17,18,19,20,
1,2,3,4,5,7,17,18,19,20,
1,2,3,4,5,7,17,18,19,20,
1,2,3,4,6,11,12,13,14,15,8,9,10,11,12,13,14,15,8,9,10,11,12,13,14,15,8,9,10,11,12,14,13,15,8,9,10,11,12,14,13,15,8,9,10,11,12,13,14,15,8,9,16,7,17,18,19,20,
1,2,3,4,5,7,8,9,16,7,8,9,10,11,12,14,13,15,8,9,16,7,8,9,10,11,12,14,13,15,17,18,19,20,
1,2,3,4,5,7,8,9,16,7,8,9,10,11,12,14,13,15,8,9,16,7,8,9,10,11,12,14,13,15,17,18,19,20,
1,2,3,4,5,7,17,18,19,20,
1,2,3,4,5,7,17,18,19,20,
1,2,3,4,5,7,17,18,19,20,
1,2,3,4,5,7,17,18,19,20,
1,2,3,4,5,7,17,18,19,20,
1,2,3,4,6,11,12,14,13,15,8,9,10,11,12,14,13,15,8,9,16,7,17,18,19,20,
1,2,3,4,5,7,8,9,10,11,12,13,14,15,8,9,10,11,12,14,13,15,17,18,19,20,
1,2,3,4,5,7,17,18,19,20,
1,2,3,4,6,11,12,14,13,15,8,9,10,11,12,14,13,15,8,9,16,7,17,18,19,20,
1,2,3,4,5,7,8,9,10,11,12,13,14,15,8,9,10,11,12,14,13,15,17,18,19,20,
1,2,3,4,5,7,17,18,19,20,
1,2,3,4,5,7,8,9,10,11,12,13,14,15,8,9,10,11,12,14,13,15,17,18,19,20,
1,2,3,4,5,7,17,18,19,20,
1,2,3,4,5,7,17,18,19,20,
1,2,3,4,5,7,17,18,19,20,
1,2,3,4,6,11,12,14,13,15,8,9,16,7,8,9,10,11,12,14,13,15,17,18,19,20,
1,2,3,4,6,11,12,14,13,15,8,9,16,7,17,18,19,20,
1,2,3,4,5,7,17,18,19,20,
1,2,3,4,6,11,12,13,14,15,17,18,19,20,
1,2,3,4,6,11,12,13,14,15,17,18,19,20,
1,2,3,4,6,11,12,13,14,15,17,18,19,20,
1,2,3,4,6,11,12,13,14,15,17,18,19,20,
1,2,3,4,6,11,12,13,14,15,17,18,19,20,
1,2,3,4,6,11,12,13,14,15,17,18,19,20,
1,2,3,4,6,11,12,13,14,15,17,18,19,20,
1,2,3,4,5,7,17,18,19,20,
1,2,3,4,6,11,12,14,13,15,17,18,19,20,
1,2,3,4,5,7,17,18,19,20,
1,2,3,4,6,11,12,14,13,15,17,18,19,20,
1,2,3,4,5,7,17,18,19,20,
1,2,3,4,6,11,12,14,13,15,17,18,19,20,
1,2,3,4,6,11,12,13,14,15,8,9,16,7,8,9,16,7,8,9,16,7,8,9,16,7,17,18,19,20,
1,2,3,4,5,7,17,18,19,20,
1,2,3,4,6,11,12,14,13,15,17,18,19,20,
1,2,3,4,5,7,17,18,19,20,
1,2,3,4,6,11,12,14,13,15,17,18,19,20,
1,2,3,4,6,11,12,14,13,15,17,18,19,20,
1,2,3,4,6,11,12,14,13,15,8,9,16,7,8,9,16,7,17,18,19,20,
1,2,3,4,6,11,12,14,13,15,8,9,16,7,8,9,16,7,17,18,19,20,
1,2,3,4,6,11,12,14,13,15,8,9,16,7,8,9,16,7,17,18,19,20,
1,2,3,4,6,11,12,14,13,15,8,9,16,7,8,9,16,7,17,18,19,20,
1,2,3,4,5,7,8,9,10,11,12,14,13,15,8,9,16,7,8,9,10,11,12,14,13,15,8,9,10,11,12,14,13,15,17,18,19,20,
1,2,3,4,5,7,17,18,19,20,
1,2,3,4,5,7,17,18,19,20,
1,2,3,4,5,7,17,18,19,20,
1,2,3,4,5,7,17,18,19,20,
1,2,3,4,5,7,17,18,19,20,
1,2,3,4,5,7,17,18,19,20,
1,2,3,4,5,7,17,18,19,20,
1,2,3,4,5,7,17,18,19,20,
1,2,3,4,5,7,17,18,19,20,
1,2,3,4,5,7,17,18,19,20,
1,2,3,4,5,7,17,18,19,20,
1,2,3,4,5,7,17,18,19,20,
1,2,3,4,6,11,12,14,13,15,8,9,10,11,12,13,14,15,17,18,19,20,
1,2,3,4,6,11,12,14,13,15,8,9,10,11,12,13,14,15,17,18,19,20,
1,2,3,4,6,11,12,14,13,15,8,9,10,11,12,13,14,15,17,18,19,20,
1,2,3,4,5,7,17,18,19,20,
1,2,3,4,5,7,17,18,19,20,
1,2,3,4,5,7,17,18,19,20,
1,2,3,4,5,7,17,18,19,20,
1,2,3,4,5,7,17,18,19,20,
1,2,3,4,5,7,8,9,10,11,12,14,13,15,17,18,19,20,
1,2,3,4,6,11,12,14,13,15,8,9,16,7,8,9,10,11,12,13,14,15,8,9,10,11,12,13,14,15,8,9,10,11,12,14,13,15,17,18,19,20,
1,2,3,4,6,11,12,13,14,15,8,9,10,11,12,14,13,15,8,9,16,7,8,9,16,7,8,9,10,11,12,14,13,15,17,18,19,20,
1,2,3,4,5,7,8,9,10,11,12,14,13,15,17,18,19,20,
1,2,3,4,5,7,8,9,10,11,12,14,13,15,17,18,19,20,
1,2,3,4,5,7,8,9,10,11,12,14,13,15,17,18,19,20,
1,2,3,4,5,7,8,9,10,11,12,14,13,15,17,18,19,20,
1,2,3,4,6,11,12,14,13,15,8,9,16,7,8,9,10,11,12,13,14,15,8,9,16,7,8,9,16,7,17,18,19,20,
1,2,3,4,5,7,8,9,10,11,12,14,13,15,17,18,19,20,
1,2,3,4,5,7,8,9,10,11,12,14,13,15,17,18,19,20,
1,2,3,4,6,11,12,13,14,15,17,18,19,20,
1,2,3,4,5,7,8,9,10,11,12,14,13,15,17,18,19,20,
1,2,3,4,6,11,12,14,13,15,17,18,19,20,
1,2,3,4,5,7,8,9,10,11,12,13,14,15,17,18,19,20,
1,2,3,4,6,11,12,14,13,15,17,18,19,20,
1,2,3,4,5,7,8,9,10,11,12,13,14,15,17,18,19,20,
1,2,3,4,6,11,12,14,13,15,8,9,16,7,17,18,19,20,
1,2,3,4,6,11,12,14,13,15,8,9,10,11,12,13,14,15,17,18,19,20,
1,2,3,4,5,7,8,9,10,11,12,13,14,15,17,18,19,20,
1,2,3,4,6,11,12,14,13,15,8,9,10,11,12,13,14,15,17,18,19,20,
1,2,3,4,5,7,8,9,10,11,12,13,14,15,17,18,19,20,
1,2,3,4,6,11,12,14,13,15,17,18,19,20,
1,2,3,4,6,11,12,14,13,15,8,9,16,7,17,18,19,20,
1,2,3,4,6,11,12,14,13,15,17,18,19,20,
1,2,3,4,5,7,8,9,10,11,12,13,14,15,17,18,19,20,
1,2,3,4,6,11,12,14,13,15,8,9,16,7,17,18,19,20,
1,2,3,4,6,11,12,14,13,15,17,18,19,20,
1,2,3,4,6,11,12,14,13,15,8,9,16,7,17,18,19,20,
1,2,3,4,5,7,8,9,10,11,12,13,14,15,8,9,16,7,8,9,16,7,8,9,10,11,12,13,14,15,8,9,16,7,17,18,19,20,
1,2,3,4,6,11,12,14,13,15,17,18,19,20,
1,2,3,4,6,11,12,14,13,15,8,9,16,7,17,18,19,20,
1,2,3,4,6,11,12,14,13,15,17,18,19,20,
1,2,3,4,6,11,12,14,13,15,8,9,16,7,17,18,19,20,
1,2,3,4,6,11,12,14,13,15,17,18,19,20,
1,2,3,4,6,11,12,14,13,15,8,9,16,7,17,18,19,20,
1,2,3,4,6,11,12,14,13,15,17,18,19,20,
1,2,3,4,6,11,12,14,13,15,8,9,16,7,17,18,19,20,
1,2,3,4,6,11,12,14,13,15,17,18,19,20,
1,2,3,4,6,11,12,14,13,15,8,9,16,7,17,18,19,20,
1,2,3,4,5,7,8,9,10,11,12,13,14,15,8,9,10,11,12,13,14,15,17,18,19,20,
1,2,3,4,5,7,8,9,10,11,12,13,14,15,8,9,10,11,12,13,14,15,17,18,19,20,
1,2,3,4,5,7,8,9,10,11,12,13,14,15,17,18,19,20,
1,2,3,4,6,11,12,14,13,15,8,9,16,7,17,18,19,20,
1,2,3,4,5,7,8,9,10,11,12,13,14,15,17,18,19,20,
1,2,3,4,6,11,12,13,14,15,8,9,16,7,8,9,16,7,8,9,16,7,17,18,19,20,
1,2,3,4,5,7,17,18,19,20,
1,2,3,4,5,7,17,18,19,20,
1,2,3,4,5,7,17,18,19,20,
1,2,3,4,5,7,17,18,19,20,
1,2,3,4,6,11,12,14,13,15,8,9,10,11,12,14,13,15,17,18,19,20,
1,2,3,4,6,11,12,14,13,15,17,18,19,20,
1,2,3,4,6,11,12,14,13,15,17,18,19,20,
1,2,3,4,5,7,17,18,19,20,
1,2,3,4,6,11,12,14,13,15,17,18,19,20,
1,2,3,4,5,7,17,18,19,20,
1,2,3,4,6,11,12,14,13,15,17,18,19,20,
1,2,3,4,5,7,17,18,19,20,
1,2,3,4,6,11,12,14,13,15,17,18,19,20,
1,2,3,4,5,7,8,9,16,7,8,9,10,11,12,13,14,15,17,18,19,20,
1,2,3,4,5,7,17,18,19,20,
1,2,3,4,6,11,12,14,13,15,17,18,19,20,
1,2,3,4,5,7,8,9,16,7,8,9,10,11,12,13,14,15,17,18,19,20,
1,2,3,4,5,7,17,18,19,20,
1,2,3,4,6,11,12,14,13,15,17,18,19,20,
1,2,3,4,5,7,8,9,16,7,8,9,10,11,12,13,14,15,17,18,19,20,
1,2,3,4,5,7,17,18,19,20,
1,2,3,4,6,11,12,14,13,15,17,18,19,20,
1,2,3,4,6,11,12,14,13,15,17,18,19,20,
1,2,3,4,5,7,17,18,19,20,
1,2,3,4,6,11,12,14,13,15,17,18,19,20,
1,2,3,4,6,11,12,14,13,15,17,18,19,20,
1,2,3,4,5,7,17,18,19,20,
1,2,3,4,6,11,12,14,13,15,17,18,19,20,
1,2,3,4,5,7,17,18,19,20,
1,2,3,4,6,11,12,14,13,15,17,18,19,20,
1,2,3,4,6,11,12,14,13,15,17,18,19,20,
1,2,3,4,5,7,17,18,19,20,