1,2,3,5,7,8,9,10,11,12,13,14,11,12,13,14,15,17,16,19,18,20,21,22,24,10,11,12,13,14,15,16,18,17,21,19,22,23,25,26,27,28,29,
1,2,3,5,7,8,9,10,11,12,13,14,11,12,13,14,11,12,13,14,11,12,13,14,15,16,17,18,19,20,21,22,24,10,11,12,13,14,11,12,13,14,11,12,13,14,11,12,13,14,15,16,18,17,19,20,21,22,23,25,26,27,28,29,
1,2,3,4,6,8,9,10,11,12,13,14,15,17,19,16,18,20,21,22,23,25,26,27,28,29,
1,2,3,4,6,8,9,10,11,12,13,14,15,17,19,16,18,20,21,22,23,25,26,27,28,29,
1,2,3,4,6,8,9,10,11,12,13,14,15,17,16,19,18,21,22,24,10,11,12,13,14,15,16,18,17,19,21,22,24,10,11,12,13,14,15,17,19,16,18,21,22,24,10,11,12,13,14,11,12,13,14,11,12,13,14,15,17,19,16,18,21,22,24,10,11,12,13,14,15,17,19,16,18,21,22,24,10,11,12,13,14,15,17,19,16,18,21,22,23,25,26,27,28,29,
1,2,3,4,6,8,9,10,11,12,13,14,15,17,19,16,18,20,21,22,23,25,26,27,28,29,
1,2,3,5,7,8,9,10,11,12,13,14,11,12,13,14,11,12,13,14,15,17,16,18,21,19,22,23,25,26,27,28,29,
1,2,3,4,6,8,9,10,11,12,13,14,15,17,19,16,18,20,21,22,23,25,26,27,28,29,
1,2,3,4,6,8,9,10,11,12,13,14,15,17,19,16,18,20,21,22,23,25,26,27,28,29,
1,2,3,4,6,8,9,10,11,12,13,14,15,17,19,16,18,20,21,22,23,25,26,27,28,29,
1,2,3,4,6,8,9,10,11,12,13,14,15,17,19,16,18,20,21,22,23,25,26,27,28,29,
1,2,3,4,6,8,9,10,11,12,13,14,15,17,19,16,18,20,21,22,23,25,26,27,28,29,
1,2,3,4,6,8,9,10,11,12,13,14,11,12,13,14,11,12,13,14,11,12,13,14,15,17,19,16,18,21,22,24,10,11,12,13,14,11,12,13,14,11,12,13,14,15,16,17,18,21,19,22,23,25,26,27,28,29,
1,2,3,5,7,8,9,10,11,12,13,14,11,12,13,14,11,12,13,14,11,12,13,14,11,12,13,14,11,12,13,14,11,12,13,14,11,12,13,14,11,12,13,14,11,12,13,14,15,16,18,17,19,20,21,22,23,25,26,27,28,29,
1,2,3,5,7,8,9,10,11,12,13,14,11,12,13,14,11,12,13,14,15,16,17,19,18,20,21,22,23,25,26,27,28,29,
1,2,3,5,7,8,9,10,11,12,13,14,15,17,19,16,18,20,21,22,23,25,26,27,28,29,
1,2,3,4,6,8,9,10,11,12,13,14,11,12,13,14,11,12,13,14,15,17,16,18,19,21,22,24,10,11,12,13,14,11,12,13,14,15,16,17,19,18,20,21,22,24,10,11,12,13,14,15,17,16,18,19,21,22,23,25,26,27,28,29,
1,2,3,5,7,8,9,10,11,12,13,14,15,17,19,16,18,20,21,22,23,25,26,27,28,29,
1,2,3,5,7,8,9,10,11,12,13,14,15,17,19,16,18,20,21,22,23,25,26,27,28,29,
1,2,3,4,6,8,9,10,11,12,13,14,11,12,13,14,11,12,13,14,11,12,13,14,15,16,17,18,19,20,21,22,24,10,11,12,13,14,15,16,17,19,18,20,21,22,24,10,11,12,13,14,15,17,19,16,18,20,21,22,23,25,26,27,28,29,
1,2,3,4,6,8,9,10,11,12,13,14,15,16,18,21,17,19,22,24,10,11,12,13,14,15,16,17,18,21,19,22,24,10,11,12,13,14,15,16,17,18,19,21,22,23,25,26,27,28,29,
1,2,3,5,7,8,9,10,11,12,13,14,15,17,19,16,18,20,21,22,23,25,26,27,28,29,
1,2,3,5,7,8,9,10,11,12,13,14,11,12,13,14,15,17,16,19,18,21,22,24,10,11,12,13,14,11,12,13,14,15,17,16,18,19,20,21,22,24,10,11,12,13,14,15,16,17,19,18,21,22,23,25,26,27,28,29,
1,2,3,5,7,8,9,10,11,12,13,14,15,17,19,16,18,20,21,22,23,25,26,27,28,29,
1,2,3,5,7,8,9,10,11,12,13,14,11,12,13,14,11,12,13,14,15,17,16,18,21,19,22,24,10,11,12,13,14,11,12,13,14,11,12,13,14,11,12,13,14,11,12,13,14,15,17,19,16,18,20,21,22,23,25,26,27,28,29,
1,2,3,5,7,8,9,10,11,12,13,14,11,12,13,14,15,16,17,18,19,21,22,23,25,26,27,28,29,
1,2,3,5,7,8,9,10,11,12,13,14,15,17,16,18,19,21,22,23,25,26,27,28,29,
1,2,3,5,7,8,9,10,11,12,13,14,15,17,19,16,18,20,21,22,24,10,11,12,13,14,11,12,13,14,15,17,16,19,18,21,22,24,10,11,12,13,14,15,17,19,16,18,21,22,23,25,26,27,28,29,
1,2,3,5,7,8,9,10,11,12,13,14,11,12,13,14,15,17,16,19,18,20,21,22,23,25,26,27,28,29,
1,2,3,5,7,8,9,10,11,12,13,14,15,16,17,18,21,19,22,24,10,11,12,13,14,11,12,13,14,11,12,13,14,11,12,13,14,15,17,16,18,19,20,21,22,23,25,26,27,28,29,
1,2,3,5,7,8,9,10,11,12,13,14,11,12,13,14,15,17,16,19,18,20,21,22,23,25,26,27,28,29,
1,2,3,5,7,8,9,10,11,12,13,14,11,12,13,14,15,17,16,18,21,19,22,24,10,11,12,13,14,15,16,18,17,19,21,22,23,25,26,27,28,29,
1,2,3,4,6,8,9,10,11,12,13,14,11,12,13,14,11,12,13,14,11,12,13,14,15,16,17,18,19,21,22,23,25,26,27,28,29,
1,2,3,5,7,8,9,10,11,12,13,14,11,12,13,14,15,17,16,18,19,21,22,24,10,11,12,13,14,11,12,13,14,15,17,16,19,18,20,21,22,23,25,26,27,28,29,
1,2,3,4,6,8,9,10,11,12,13,14,11,12,13,14,11,12,13,14,15,17,16,18,21,19,22,23,25,26,27,28,29,
1,2,3,5,7,8,9,10,11,12,13,14,11,12,13,14,11,12,13,14,11,12,13,14,15,16,17,18,19,21,22,24,10,11,12,13,14,15,16,18,17,19,20,21,22,23,25,26,27,28,29,
1,2,3,5,7,8,9,10,11,12,13,14,11,12,13,14,15,16,18,17,19,20,21,22,23,25,26,27,28,29,
1,2,3,4,6,8,9,10,11,12,13,14,11,12,13,14,11,12,13,14,15,17,16,18,19,20,21,22,24,10,11,12,13,14,11,12,13,14,15,16,18,17,19,21,22,23,25,26,27,28,29,
1,2,3,4,6,8,9,10,11,12,13,14,11,12,13,14,15,17,19,16,18,20,21,22,24,10,11,12,13,14,11,12,13,14,11,12,13,14,15,17,19,16,18,21,22,23,25,26,27,28,29,
1,2,3,5,7,8,9,10,11,12,13,14,11,12,13,14,15,16,18,17,19,20,21,22,23,25,26,27,28,29,
1,2,3,5,7,8,9,10,11,12,13,14,15,16,17,19,18,21,22,24,10,11,12,13,14,11,12,13,14,11,12,13,14,15,16,18,21,17,19,22,24,10,11,12,13,14,15,17,19,16,18,20,21,22,24,10,11,12,13,14,15,16,18,17,19,21,22,24,10,11,12,13,14,15,17,19,16,18,21,22,23,25,26,27,28,29,
1,2,3,5,7,8,9,10,11,12,13,14,11,12,13,14,11,12,13,14,11,12,13,14,15,17,16,19,18,20,21,22,24,10,11,12,13,14,11,12,13,14,15,16,18,17,19,20,21,22,23,25,26,27,28,29,
1,2,3,5,7,8,9,10,11,12,13,14,15,17,16,18,19,21,22,24,10,11,12,13,14,15,17,16,19,18,20,21,22,23,25,26,27,28,29,
1,2,3,5,7,8,9,10,11,12,13,14,11,12,13,14,15,16,18,17,19,20,21,22,23,25,26,27,28,29,
1,2,3,5,7,8,9,10,11,12,13,14,11,12,13,14,15,16,18,17,19,20,21,22,23,25,26,27,28,29,
1,2,3,5,7,8,9,10,11,12,13,14,11,12,13,14,11,12,13,14,15,16,18,17,21,19,22,23,25,26,27,28,29,
1,2,3,5,7,8,9,10,11,12,13,14,11,12,13,14,11,12,13,14,15,16,17,19,18,20,21,22,24,10,11,12,13,14,11,12,13,14,11,12,13,14,15,16,18,21,17,19,22,24,10,11,12,13,14,11,12,13,14,15,17,19,16,18,20,21,22,23,25,26,27,28,29,
1,2,3,5,7,8,9,10,11,12,13,14,11,12,13,14,15,16,18,17,19,20,21,22,23,25,26,27,28,29,
1,2,3,4,6,8,9,10,11,12,13,14,11,12,13,14,11,12,13,14,15,16,17,19,18,21,22,23,25,26,27,28,29,
1,2,3,5,7,8,9,10,11,12,13,14,15,17,19,16,18,21,22,24,10,11,12,13,14,15,17,19,16,18,21,22,24,10,11,12,13,14,11,12,13,14,11,12,13,14,11,12,13,14,15,17,19,16,18,20,21,22,24,10,11,12,13,14,11,12,13,14,15,17,19,16,18,20,21,22,23,25,26,27,28,29,
1,2,3,5,7,8,9,10,11,12,13,14,11,12,13,14,11,12,13,14,15,17,19,16,18,21,22,23,25,26,27,28,29,
1,2,3,4,6,8,9,10,11,12,13,14,15,16,17,19,18,21,22,24,10,11,12,13,14,11,12,13,14,11,12,13,14,11,12,13,14,11,12,13,14,11,12,13,14,15,16,18,17,19,20,21,22,24,10,11,12,13,14,11,12,13,14,11,12,13,14,11,12,13,14,11,12,13,14,11,12,13,14,15,17,19,16,18,20,21,22,23,25,26,27,28,29,
1,2,3,5,7,8,9,10,11,12,13,14,11,12,13,14,15,17,16,19,18,20,21,22,24,10,11,12,13,14,11,12,13,14,11,12,13,14,15,17,16,19,18,20,21,22,24,10,11,12,13,14,11,12,13,14,11,12,13,14,11,12,13,14,15,16,17,19,18,21,22,23,25,26,27,28,29,
1,2,3,4,6,8,9,10,11,12,13,14,15,16,17,18,19,21,22,23,25,26,27,28,29,
1,2,3,5,7,8,9,10,11,12,13,14,15,17,16,18,19,21,22,24,10,11,12,13,14,11,12,13,14,11,12,13,14,11,12,13,14,11,12,13,14,15,16,18,17,21,19,22,24,10,11,12,13,14,11,12,13,14,15,17,19,16,18,21,22,23,25,26,27,28,29,
1,2,3,5,7,8,9,10,11,12,13,14,15,17,19,16,18,21,22,24,10,11,12,13,14,11,12,13,14,11,12,13,14,15,17,16,18,21,19,22,23,25,26,27,28,29,
1,2,3,4,6,8,9,10,11,12,13,14,15,17,19,16,18,21,22,24,10,11,12,13,14,11,12,13,14,15,16,18,17,19,21,22,23,25,26,27,28,29,
1,2,3,5,7,8,9,10,11,12,13,14,11,12,13,14,15,16,17,19,18,20,21,22,24,10,11,12,13,14,11,12,13,14,11,12,13,14,11,12,13,14,15,17,16,18,21,19,22,23,25,26,27,28,29,
1,2,3,5,7,8,9,10,11,12,13,14,15,17,19,16,18,21,22,24,10,11,12,13,14,11,12,13,14,11,12,13,14,15,16,17,18,19,20,21,22,24,10,11,12,13,14,15,17,16,18,21,19,22,23,25,26,27,28,29,
1,2,3,5,7,8,9,10,11,12,13,14,15,17,16,18,19,20,21,22,24,10,11,12,13,14,11,12,13,14,11,12,13,14,11,12,13,14,11,12,13,14,15,17,16,18,19,21,22,23,25,26,27,28,29,
1,2,3,4,6,8,9,10,11,12,13,14,11,12,13,14,15,17,19,16,18,20,21,22,24,10,11,12,13,14,15,16,18,17,19,21,22,24,10,11,12,13,14,15,16,18,17,19,21,22,24,10,11,12,13,14,11,12,13,14,15,17,19,16,18,20,21,22,23,25,26,27,28,29,
1,2,3,5,7,8,9,10,11,12,13,14,15,17,16,18,19,20,21,22,24,10,11,12,13,14,15,17,16,18,19,20,21,22,23,25,26,27,28,29,
1,2,3,4,6,8,9,10,11,12,13,14,11,12,13,14,11,12,13,14,15,17,16,18,19,20,21,22,23,25,26,27,28,29,
1,2,3,4,6,8,9,10,11,12,13,14,11,12,13,14,15,17,19,16,18,20,21,22,24,10,11,12,13,14,15,17,16,18,19,20,21,22,23,25,26,27,28,29,
1,2,3,5,7,8,9,10,11,12,13,14,15,16,17,19,18,20,21,22,24,10,11,12,13,14,11,12,13,14,11,12,13,14,15,16,17,19,18,21,22,24,10,11,12,13,14,11,12,13,14,15,16,18,21,17,19,22,24,10,11,12,13,14,11,12,13,14,15,16,17,18,19,21,22,23,25,26,27,28,29,
1,2,3,4,6,8,9,10,11,12,13,14,15,17,16,19,18,21,22,24,10,11,12,13,14,15,16,17,18,19,21,22,24,10,11,12,13,14,11,12,13,14,11,12,13,14,11,12,13,14,15,16,17,18,21,19,22,24,10,11,12,13,14,11,12,13,14,15,17,16,18,19,20,21,22,24,10,11,12,13,14,11,12,13,14,11,12,13,14,15,16,17,19,18,21,22,24,10,11,12,13,14,15,17,19,16,18,20,21,22,23,25,26,27,28,29,
1,2,3,5,7,8,9,10,11,12,13,14,11,12,13,14,11,12,13,14,15,17,19,16,18,20,21,22,23,25,26,27,28,29,
1,2,3,4,6,8,9,10,11,12,13,14,11,12,13,14,11,12,13,14,11,12,13,14,11,12,13,14,15,17,19,16,18,21,22,24,10,11,12,13,14,15,17,19,16,18,21,22,23,25,26,27,28,29,
1,2,3,5,7,8,9,10,11,12,13,14,11,12,13,14,15,16,18,17,19,21,22,24,10,11,12,13,14,15,17,16,18,19,20,21,22,23,25,26,27,28,29,
1,2,3,5,7,8,9,10,11,12,13,14,11,12,13,14,15,16,18,17,19,20,21,22,24,10,11,12,13,14,15,16,18,21,17,19,22,24,10,11,12,13,14,15,17,19,16,18,21,22,24,10,11,12,13,14,11,12,13,14,15,16,17,19,18,20,21,22,23,25,26,27,28,29,
1,2,3,5,7,8,9,10,11,12,13,14,11,12,13,14,15,16,18,17,19,20,21,22,24,10,11,12,13,14,11,12,13,14,15,16,17,19,18,21,22,23,25,26,27,28,29,
1,2,3,4,6,8,9,10,11,12,13,14,11,12,13,14,11,12,13,14,11,12,13,14,15,16,17,18,19,21,22,24,10,11,12,13,14,11,12,13,14,11,12,13,14,11,12,13,14,11,12,13,14,15,16,18,17,19,20,21,22,23,25,26,27,28,29,
1,2,3,5,7,8,9,10,11,12,13,14,15,16,18,17,21,19,22,24,10,11,12,13,14,11,12,13,14,11,12,13,14,11,12,13,14,11,12,13,14,15,17,16,18,19,21,22,23,25,26,27,28,29,
1,2,3,5,7,8,9,10,11,12,13,14,11,12,13,14,11,12,13,14,11,12,13,14,11,12,13,14,11,12,13,14,11,12,13,14,15,17,19,16,18,20,21,22,24,10,11,12,13,14,15,16,18,21,17,19,22,24,10,11,12,13,14,11,12,13,14,15,17,19,16,18,20,21,22,23,25,26,27,28,29,
1,2,3,5,7,8,9,10,11,12,13,14,11,12,13,14,11,12,13,14,11,12,13,14,11,12,13,14,11,12,13,14,11,12,13,14,11,12,13,14,11,12,13,14,11,12,13,14,11,12,13,14,11,12,13,14,15,16,17,19,18,20,21,22,24,10,11,12,13,14,11,12,13,14,15,16,17,18,19,21,22,23,25,26,27,28,29,
1,2,3,4,6,8,9,10,11,12,13,14,15,17,19,16,18,21,22,24,10,11,12,13,14,15,17,16,19,18,21,22,23,25,26,27,28,29,
1,2,3,4,6,8,9,10,11,12,13,14,11,12,13,14,11,12,13,14,11,12,13,14,11,12,13,14,11,12,13,14,11,12,13,14,11,12,13,14,15,17,16,19,18,21,22,24,10,11,12,13,14,15,17,16,18,19,21,22,23,25,26,27,28,29,
1,2,3,4,6,8,9,10,11,12,13,14,15,16,18,17,19,21,22,23,25,26,27,28,29,
1,2,3,5,7,8,9,10,11,12,13,14,15,16,17,18,19,21,22,23,25,26,27,28,29,
1,2,3,4,6,8,9,10,11,12,13,14,11,12,13,14,11,12,13,14,15,16,17,19,18,20,21,22,23,25,26,27,28,29,
1,2,3,4,6,8,9,10,11,12,13,14,11,12,13,14,11,12,13,14,11,12,13,14,15,17,19,16,18,21,22,23,25,26,27,28,29,
1,2,3,5,7,8,9,10,11,12,13,14,11,12,13,14,11,12,13,14,15,17,16,18,19,21,22,23,25,26,27,28,29,
1,2,3,4,6,8,9,10,11,12,13,14,15,17,19,16,18,20,21,22,24,10,11,12,13,14,11,12,13,14,15,16,17,19,18,20,21,22,24,10,11,12,13,14,15,17,16,19,18,20,21,22,23,25,26,27,28,29,
1,2,3,5,7,8,9,10,11,12,13,14,15,16,17,18,19,21,22,23,25,26,27,28,29,
1,2,3,5,7,8,9,10,11,12,13,14,15,16,17,18,19,21,22,23,25,26,27,28,29,
1,2,3,4,6,8,9,10,11,12,13,14,15,16,18,21,17,19,22,24,10,11,12,13,14,15,16,17,18,19,20,21,22,23,25,26,27,28,29,
1,2,3,5,7,8,9,10,11,12,13,14,11,12,13,14,11,12,13,14,15,16,18,21,17,19,22,24,10,11,12,13,14,11,12,13,14,11,12,13,14,11,12,13,14,15,16,17,19,18,20,21,22,24,10,11,12,13,14,15,17,16,18,19,21,22,24,10,11,12,13,14,15,17,16,18,19,21,22,24,10,11,12,13,14,11,12,13,14,11,12,13,14,15,16,18,17,19,20,21,22,23,25,26,27,28,29,
1,2,3,4,6,8,9,10,11,12,13,14,11,12,13,14,11,12,13,14,11,12,13,14,15,17,19,16,18,21,22,23,25,26,27,28,29,
1,2,3,5,7,8,9,10,11,12,13,14,11,12,13,14,11,12,13,14,11,12,13,14,11,12,13,14,11,12,13,14,15,16,17,19,18,21,22,23,25,26,27,28,29,
1,2,3,4,6,8,9,10,11,12,13,14,11,12,13,14,11,12,13,14,11,12,13,14,15,17,19,16,18,21,22,23,25,26,27,28,29,
1,2,3,5,7,8,9,10,11,12,13,14,15,17,16,19,18,21,22,24,10,11,12,13,14,15,16,18,17,19,21,22,24,10,11,12,13,14,15,16,17,18,21,19,22,23,25,26,27,28,29,
1,2,3,5,7,8,9,10,11,12,13,14,11,12,13,14,11,12,13,14,15,16,18,17,19,20,21,22,23,25,26,27,28,29,
1,2,3,4,6,8,9,10,11,12,13,14,11,12,13,14,15,17,19,16,18,20,21,22,23,25,26,27,28,29,
1,2,3,5,7,8,9,10,11,12,13,14,11,12,13,14,11,12,13,14,15,16,18,17,19,20,21,22,23,25,26,27,28,29,
1,2,3,4,6,8,9,10,11,12,13,14,11,12,13,14,11,12,13,14,11,12,13,14,15,16,17,18,19,20,21,22,24,10,11,12,13,14,11,12,13,14,11,12,13,14,15,17,19,16,18,20,21,22,23,25,26,27,28,29,
1,2,3,5,7,8,9,10,11,12,13,14,11,12,13,14,15,17,19,16,18,21,22,24,10,11,12,13,14,15,17,19,16,18,20,21,22,24,10,11,12,13,14,11,12,13,14,11,12,13,14,15,17,19,16,18,20,21,22,24,10,11,12,13,14,11,12,13,14,11,12,13,14,15,16,18,21,17,19,22,24,10,11,12,13,14,11,12,13,14,15,17,19,16,18,21,22,23,25,26,27,28,29,
1,2,3,5,7,8,9,10,11,12,13,14,15,16,18,17,19,21,22,23,25,26,27,28,29,
1,2,3,5,7,8,9,10,11,12,13,14,15,16,18,17,19,21,22,23,25,26,27,28,29,
1,2,3,4,6,8,9,10,11,12,13,14,11,12,13,14,11,12,13,14,11,12,13,14,11,12,13,14,15,16,17,18,21,19,22,23,25,26,27,28,29,
1,2,3,4,6,8,9,10,11,12,13,14,15,17,16,18,19,21,22,24,10,11,12,13,14,15,16,18,17,19,21,22,24,10,11,12,13,14,11,12,13,14,11,12,13,14,11,12,13,14,15,17,16,18,19,20,21,22,23,25,26,27,28,29,
1,2,3,5,7,8,9,10,11,12,13,14,15,16,17,18,19,20,21,22,24,10,11,12,13,14,15,17,19,16,18,20,21,22,23,25,26,27,28,29,
1,2,3,5,7,8,9,10,11,12,13,14,15,16,18,17,19,20,21,22,24,10,11,12,13,14,11,12,13,14,11,12,13,14,15,16,18,17,19,20,21,22,24,10,11,12,13,14,15,16,18,17,19,21,22,24,10,11,12,13,14,15,17,16,18,19,21,22,23,25,26,27,28,29,
1,2,3,5,7,8,9,10,11,12,13,14,15,17,19,16,18,21,22,23,25,26,27,28,29,
1,2,3,5,7,8,9,10,11,12,13,14,15,17,19,16,18,20,21,22,24,10,11,12,13,14,11,12,13,14,11,12,13,14,15,17,19,16,18,20,21,22,24,10,11,12,13,14,11,12,13,14,11,12,13,14,15,16,17,19,18,21,22,23,25,26,27,28,29,
1,2,3,5,7,8,9,10,11,12,13,14,15,17,19,16,18,21,22,23,25,26,27,28,29,
1,2,3,5,7,8,9,10,11,12,13,14,15,17,19,16,18,21,22,23,25,26,27,28,29,
1,2,3,5,7,8,9,10,11,12,13,14,15,17,19,16,18,21,22,23,25,26,27,28,29,
1,2,3,4,6,8,9,10,11,12,13,14,15,17,16,18,19,21,22,23,25,26,27,28,29,
1,2,3,5,7,8,9,10,11,12,13,14,11,12,13,14,15,17,19,16,18,20,21,22,24,10,11,12,13,14,15,17,19,16,18,21,22,24,10,11,12,13,14,11,12,13,14,15,17,19,16,18,20,21,22,24,10,11,12,13,14,15,16,18,17,19,20,21,22,24,10,11,12,13,14,11,12,13,14,15,16,17,19,18,21,22,23,25,26,27,28,29,
1,2,3,4,6,8,9,10,11,12,13,14,11,12,13,14,11,12,13,14,11,12,13,14,15,17,19,16,18,20,21,22,24,10,11,12,13,14,11,12,13,14,11,12,13,14,15,17,19,16,18,21,22,24,10,11,12,13,14,15,16,18,17,19,21,22,24,10,11,12,13,14,15,17,19,16,18,21,22,24,10,11,12,13,14,15,16,17,19,18,20,21,22,23,25,26,27,28,29,
1,2,3,5,7,8,9,10,11,12,13,14,15,17,19,16,18,20,21,22,24,10,11,12,13,14,11,12,13,14,15,16,17,19,18,20,21,22,24,10,11,12,13,14,15,17,19,16,18,20,21,22,23,25,26,27,28,29,
1,2,3,5,7,8,9,10,11,12,13,14,15,17,16,19,18,20,21,22,24,10,11,12,13,14,15,16,18,17,19,20,21,22,23,25,26,27,28,29,
1,2,3,4,6,8,9,10,11,12,13,14,15,16,18,17,19,20,21,22,23,25,26,27,28,29,
1,2,3,5,7,8,9,10,11,12,13,14,11,12,13,14,11,12,13,14,11,12,13,14,11,12,13,14,15,16,18,17,19,20,21,22,23,25,26,27,28,29,
1,2,3,4,6,8,9,10,11,12,13,14,15,16,18,17,19,20,21,22,23,25,26,27,28,29,
1,2,3,4,6,8,9,10,11,12,13,14,15,16,18,17,19,20,21,22,23,25,26,27,28,29,
1,2,3,4,6,8,9,10,11,12,13,14,15,16,18,17,19,20,21,22,23,25,26,27,28,29,
1,2,3,5,7,8,9,10,11,12,13,14,15,16,17,19,18,21,22,24,10,11,12,13,14,11,12,13,14,11,12,13,14,15,17,19,16,18,21,22,24,10,11,12,13,14,11,12,13,14,11,12,13,14,11,12,13,14,11,12,13,14,11,12,13,14,11,12,13,14,15,17,16,19,18,21,22,24,10,11,12,13,14,15,16,17,18,19,20,21,22,23,25,26,27,28,29,
1,2,3,5,7,8,9,10,11,12,13,14,11,12,13,14,15,17,16,18,19,20,21,22,23,25,26,27,28,29,
1,2,3,4,6,8,9,10,11,12,13,14,15,16,18,17,19,20,21,22,23,25,26,27,28,29,
1,2,3,4,6,8,9,10,11,12,13,14,11,12,13,14,15,17,16,19,18,21,22,23,25,26,27,28,29,
1,2,3,4,6,8,9,10,11,12,13,14,11,12,13,14,15,17,16,19,18,21,22,23,25,26,27,28,29,
1,2,3,4,6,8,9,10,11,12,13,14,11,12,13,14,15,17,16,19,18,21,22,23,25,26,27,28,29,
1,2,3,4,6,8,9,10,11,12,13,14,15,17,16,19,18,20,21,22,23,25,26,27,28,29,
1,2,3,5,7,8,9,10,11,12,13,14,11,12,13,14,11,12,13,14,11,12,13,14,11,12,13,14,11,12,13,14,15,16,18,17,21,19,22,24,10,11,12,13,14,15,16,18,21,17,19,22,24,10,11,12,13,14,15,16,17,19,18,20,21,22,23,25,26,27,28,29,
1,2,3,5,7,8,9,10,11,12,13,14,11,12,13,14,11,12,13,14,11,12,13,14,11,12,13,14,15,16,18,17,19,20,21,22,23,25,26,27,28,29,
1,2,3,4,6,8,9,10,11,12,13,14,15,17,16,19,18,20,21,22,23,25,26,27,28,29,
1,2,3,5,7,8,9,10,11,12,13,14,11,12,13,14,11,12,13,14,11,12,13,14,11,12,13,14,15,17,16,19,18,20,21,22,23,25,26,27,28,29,
1,2,3,4,6,8,9,10,11,12,13,14,11,12,13,14,15,16,18,17,19,20,21,22,24,10,11,12,13,14,15,16,17,19,18,21,22,23,25,26,27,28,29,
1,2,3,4,6,8,9,10,11,12,13,14,15,16,17,19,18,20,21,22,23,25,26,27,28,29,
1,2,3,4,6,8,9,10,11,12,13,14,15,16,17,19,18,20,21,22,23,25,26,27,28,29,
1,2,3,4,6,8,9,10,11,12,13,14,11,12,13,14,15,16,18,21,17,19,22,23,25,26,27,28,29,
1,2,3,4,6,8,9,10,11,12,13,14,11,12,13,14,11,12,13,14,15,16,18,17,21,19,22,23,25,26,27,28,29,
1,2,3,5,7,8,9,10,11,12,13,14,15,16,18,17,19,20,21,22,23,25,26,27,28,29,
1,2,3,5,7,8,9,10,11,12,13,14,15,16,18,17,19,20,21,22,23,25,26,27,28,29,
1,2,3,5,7,8,9,10,11,12,13,14,11,12,13,14,15,16,17,18,19,20,21,22,24,10,11,12,13,14,15,17,16,19,18,20,21,22,24,10,11,12,13,14,15,17,19,16,18,21,22,23,25,26,27,28,29,
1,2,3,5,7,8,9,10,11,12,13,14,15,16,17,19,18,20,21,22,24,10,11,12,13,14,15,17,19,16,18,21,22,23,25,26,27,28,29,
1,2,3,5,7,8,9,10,11,12,13,14,15,16,18,17,19,20,21,22,23,25,26,27,28,29,
1,2,3,5,7,8,9,10,11,12,13,14,15,16,18,17,19,20,21,22,24,10,11,12,13,14,15,17,19,16,18,21,22,23,25,26,27,28,29,
1,2,3,5,7,8,9,10,11,12,13,14,15,16,18,17,19,20,21,22,23,25,26,27,28,29,
1,2,3,5,7,8,9,10,11,12,13,14,15,17,19,16,18,21,22,24,10,11,12,13,14,11,12,13,14,15,17,19,16,18,20,21,22,23,25,26,27,28,29,
1,2,3,4,6,8,9,10,11,12,13,14,15,17,16,18,19,20,21,22,23,25,26,27,28,29,
1,2,3,4,6,8,9,10,11,12,13,14,15,17,16,18,19,20,21,22,23,25,26,27,28,29,
1,2,3,5,7,8,9,10,11,12,13,14,11,12,13,14,11,12,13,14,15,16,17,19,18,21,22,24,10,11,12,13,14,11,12,13,14,15,17,19,16,18,21,22,23,25,26,27,28,29,
1,2,3,4,6,8,9,10,11,12,13,14,15,17,16,18,19,20,21,22,23,25,26,27,28,29,
1,2,3,5,7,8,9,10,11,12,13,14,15,17,16,18,19,20,21,22,24,10,11,12,13,14,11,12,13,14,11,12,13,14,15,16,17,18,19,20,21,22,24,10,11,12,13,14,11,12,13,14,11,12,13,14,15,16,18,21,17,19,22,24,10,11,12,13,14,11,12,13,14,11,12,13,14,15,16,17,18,19,20,21,22,23,25,26,27,28,29,
1,2,3,5,7,8,9,10,11,12,13,14,15,16,18,17,19,20,21,22,23,25,26,27,28,29,
1,2,3,5,7,8,9,10,11,12,13,14,15,17,16,18,19,20,21,22,24,10,11,12,13,14,11,12,13,14,11,12,13,14,15,17,19,16,18,21,22,24,10,11,12,13,14,15,17,16,19,18,21,22,23,25,26,27,28,29,
1,2,3,4,6,8,9,10,11,12,13,14,15,16,17,19,18,21,22,24,10,11,12,13,14,15,17,19,16,18,20,21,22,24,10,11,12,13,14,15,16,18,17,19,20,21,22,24,10,11,12,13,14,15,17,16,18,21,19,22,23,25,26,27,28,29,
1,2,3,5,7,8,9,10,11,12,13,14,11,12,13,14,11,12,13,14,11,12,13,14,11,12,13,14,15,17,19,16,18,20,21,22,24,10,11,12,13,14,15,17,16,19,18,20,21,22,23,25,26,27,28,29,
1,2,3,4,6,8,9,10,11,12,13,14,11,12,13,14,15,16,17,18,19,20,21,22,23,25,26,27,28,29,
1,2,3,5,7,8,9,10,11,12,13,14,11,12,13,14,11,12,13,14,11,12,13,14,15,17,16,18,19,21,22,24,10,11,12,13,14,15,17,16,19,18,21,22,24,10,11,12,13,14,11,12,13,14,15,16,18,17,21,19,22,23,25,26,27,28,29,
1,2,3,4,6,8,9,10,11,12,13,14,15,17,16,18,21,19,22,23,25,26,27,28,29,
1,2,3,4,6,8,9,10,11,12,13,14,11,12,13,14,11,12,13,14,15,16,18,17,19,20,21,22,24,10,11,12,13,14,11,12,13,14,11,12,13,14,11,12,13,14,11,12,13,14,11,12,13,14,15,17,16,18,19,20,21,22,23,25,26,27,28,29,
1,2,3,4,6,8,9,10,11,12,13,14,15,16,17,18,21,19,22,23,25,26,27,28,29,
1,2,3,5,7,8,9,10,11,12,13,14,15,17,16,18,21,19,22,23,25,26,27,28,29,
1,2,3,5,7,8,9,10,11,12,13,14,15,17,16,18,21,19,22,23,25,26,27,28,29,
1,2,3,5,7,8,9,10,11,12,13,14,15,16,17,18,21,19,22,23,25,26,27,28,29,
1,2,3,4,6,8,9,10,11,12,13,14,15,17,19,16,18,21,22,24,10,11,12,13,14,11,12,13,14,11,12,13,14,11,12,13,14,11,12,13,14,11,12,13,14,11,12,13,14,11,12,13,14,15,17,19,16,18,20,21,22,23,25,26,27,28,29,
1,2,3,5,7,8,9,10,11,12,13,14,15,17,19,16,18,20,21,22,24,10,11,12,13,14,11,12,13,14,15,16,17,18,19,21,22,24,10,11,12,13,14,15,16,17,18,19,20,21,22,23,25,26,27,28,29,
1,2,3,4,6,8,9,10,11,12,13,14,15,17,16,19,18,20,21,22,24,10,11,12,13,14,15,16,17,18,19,21,22,23,25,26,27,28,29,
1,2,3,5,7,8,9,10,11,12,13,14,11,12,13,14,15,17,16,19,18,21,22,23,25,26,27,28,29,
1,2,3,4,6,8,9,10,11,12,13,14,11,12,13,14,11,12,13,14,11,12,13,14,15,16,17,19,18,20,21,22,24,10,11,12,13,14,11,12,13,14,11,12,13,14,11,12,13,14,15,16,17,18,19,20,21,22,24,10,11,12,13,14,11,12,13,14,11,12,13,14,11,12,13,14,11,12,13,14,11,12,13,14,15,17,16,19,18,20,21,22,24,10,11,12,13,14,11,12,13,14,15,17,16,18,19,21,22,23,25,26,27,28,29,
1,2,3,5,7,8,9,10,11,12,13,14,15,17,19,16,18,21,22,24,10,11,12,13,14,11,12,13,14,15,16,17,18,19,20,21,22,23,25,26,27,28,29,
1,2,3,5,7,8,9,10,11,12,13,14,11,12,13,14,15,17,16,19,18,21,22,24,10,11,12,13,14,15,16,17,18,19,20,21,22,24,10,11,12,13,14,15,16,17,19,18,20,21,22,23,25,26,27,28,29,
1,2,3,5,7,8,9,10,11,12,13,14,15,16,17,19,18,21,22,24,10,11,12,13,14,11,12,13,14,15,16,17,19,18,20,21,22,23,25,26,27,28,29,
1,2,3,4,6,8,9,10,11,12,13,14,15,17,16,19,18,21,22,24,10,11,12,13,14,11,12,13,14,11,12,13,14,15,17,19,16,18,20,21,22,23,25,26,27,28,29,
1,2,3,5,7,8,9,10,11,12,13,14,15,16,18,21,17,19,22,24,10,11,12,13,14,15,16,18,17,21,19,22,24,10,11,12,13,14,15,17,16,19,18,21,22,24,10,11,12,13,14,11,12,13,14,11,12,13,14,15,16,17,19,18,20,21,22,23,25,26,27,28,29,
1,2,3,5,7,8,9,10,11,12,13,14,15,17,16,19,18,20,21,22,24,10,11,12,13,14,11,12,13,14,11,12,13,14,15,16,18,17,19,21,22,24,10,11,12,13,14,15,17,16,18,19,20,21,22,24,10,11,12,13,14,11,12,13,14,11,12,13,14,15,17,16,18,19,21,22,24,10,11,12,13,14,11,12,13,14,15,16,18,17,19,20,21,22,23,25,26,27,28,29,
1,2,3,4,6,8,9,10,11,12,13,14,11,12,13,14,15,16,17,19,18,21,22,24,10,11,12,13,14,11,12,13,14,11,12,13,14,15,16,17,19,18,20,21,22,24,10,11,12,13,14,11,12,13,14,11,12,13,14,15,17,19,16,18,21,22,23,25,26,27,28,29,
1,2,3,4,6,8,9,10,11,12,13,14,11,12,13,14,11,12,13,14,15,16,18,21,17,19,22,23,25,26,27,28,29,
1,2,3,5,7,8,9,10,11,12,13,14,11,12,13,14,11,12,13,14,15,17,16,19,18,21,22,23,25,26,27,28,29,
1,2,3,4,6,8,9,10,11,12,13,14,11,12,13,14,11,12,13,14,15,16,18,21,17,19,22,23,25,26,27,28,29,
1,2,3,4,6,8,9,10,11,12,13,14,11,12,13,14,11,12,13,14,11,12,13,14,11,12,13,14,15,17,19,16,18,20,21,22,24,10,11,12,13,14,11,12,13,14,15,16,18,17,19,20,21,22,23,25,26,27,28,29,
1,2,3,4,6,8,9,10,11,12,13,14,11,12,13,14,15,17,19,16,18,21,22,23,25,26,27,28,29,
1,2,3,4,6,8,9,10,11,12,13,14,11,12,13,14,15,17,19,16,18,21,22,23,25,26,27,28,29,
1,2,3,5,7,8,9,10,11,12,13,14,11,12,13,14,11,12,13,14,15,16,18,21,17,19,22,23,25,26,27,28,29,
1,2,3,5,7,8,9,10,11,12,13,14,11,12,13,14,11,12,13,14,11,12,13,14,11,12,13,14,15,17,16,19,18,21,22,23,25,26,27,28,29,
1,2,3,5,7,8,9,10,11,12,13,14,11,12,13,14,15,16,18,17,19,20,21,22,24,10,11,12,13,14,11,12,13,14,15,16,17,19,18,20,21,22,23,25,26,27,28,29,
1,2,3,4,6,8,9,10,11,12,13,14,15,16,17,19,18,20,21,22,24,10,11,12,13,14,11,12,13,14,11,12,13,14,11,12,13,14,11,12,13,14,11,12,13,14,11,12,13,14,15,17,16,18,19,21,22,24,10,11,12,13,14,11,12,13,14,11,12,13,14,15,16,18,17,19,20,21,22,24,10,11,12,13,14,15,16,18,17,21,19,22,24,10,11,12,13,14,15,16,18,17,19,20,21,22,24,10,11,12,13,14,15,16,18,17,19,20,21,22,23,25,26,27,28,29,
1,2,3,4,6,8,9,10,11,12,13,14,15,16,17,18,19,20,21,22,24,10,11,12,13,14,15,16,17,19,18,20,21,22,24,10,11,12,13,14,15,17,16,19,18,21,22,24,10,11,12,13,14,15,17,19,16,18,21,22,23,25,26,27,28,29,
1,2,3,4,6,8,9,10,11,12,13,14,11,12,13,14,15,17,19,16,18,21,22,23,25,26,27,28,29,
1,2,3,5,7,8,9,10,11,12,13,14,11,12,13,14,15,16,17,19,18,21,22,24,10,11,12,13,14,15,17,19,16,18,21,22,23,25,26,27,28,29,
1,2,3,4,6,8,9,10,11,12,13,14,11,12,13,14,15,17,19,16,18,21,22,23,25,26,27,28,29,
1,2,3,4,6,8,9,10,11,12,13,14,11,12,13,14,15,17,19,16,18,21,22,23,25,26,27,28,29,
1,2,3,4,6,8,9,10,11,12,13,14,11,12,13,14,11,12,13,14,11,12,13,14,11,12,13,14,11,12,13,14,15,16,17,19,18,20,21,22,23,25,26,27,28,29,
1,2,3,4,6,8,9,10,11,12,13,14,11,12,13,14,15,17,19,16,18,20,21,22,24,10,11,12,13,14,15,17,19,16,18,20,21,22,24,10,11,12,13,14,15,17,19,16,18,21,22,23,25,26,27,28,29,
1,2,3,4,6,8,9,10,11,12,13,14,11,12,13,14,15,16,17,19,18,20,21,22,24,10,11,12,13,14,11,12,13,14,15,17,16,19,18,21,22,24,10,11,12,13,14,11,12,13,14,15,17,19,16,18,20,21,22,24,10,11,12,13,14,15,17,16,18,19,20,21,22,24,10,11,12,13,14,15,16,18,17,21,19,22,23,25,26,27,28,29,
1,2,3,4,6,8,9,10,11,12,13,14,11,12,13,14,11,12,13,14,11,12,13,14,11,12,13,14,15,16,18,17,19,20,21,22,24,10,11,12,13,14,15,17,16,19,18,21,22,24,10,11,12,13,14,15,17,19,16,18,21,22,24,10,11,12,13,14,11,12,13,14,11,12,13,14,11,12,13,14,15,16,18,17,19,20,21,22,24,10,11,12,13,14,11,12,13,14,15,17,16,19,18,21,22,23,25,26,27,28,29,
1,2,3,5,7,8,9,10,11,12,13,14,11,12,13,14,15,17,16,18,19,21,22,23,25,26,27,28,29,
1,2,3,4,6,8,9,10,11,12,13,14,15,17,16,19,18,21,22,24,10,11,12,13,14,15,17,16,18,19,20,21,22,24,10,11,12,13,14,15,17,19,16,18,21,22,24,10,11,12,13,14,11,12,13,14,11,12,13,14,15,16,18,17,19,20,21,22,24,10,11,12,13,14,11,12,13,14,15,17,16,19,18,20,21,22,23,25,26,27,28,29,
1,2,3,5,7,8,9,10,11,12,13,14,15,17,16,19,18,20,21,22,23,25,26,27,28,29,
1,2,3,5,7,8,9,10,11,12,13,14,11,12,13,14,15,16,18,17,19,20,21,22,24,10,11,12,13,14,15,16,17,18,21,19,22,23,25,26,27,28,29,
1,2,3,4,6,8,9,10,11,12,13,14,11,12,13,14,11,12,13,14,11,12,13,14,11,12,13,14,15,16,17,19,18,20,21,22,23,25,26,27,28,29,
1,2,3,5,7,8,9,10,11,12,13,14,15,16,17,19,18,20,21,22,23,25,26,27,28,29,
1,2,3,4,6,8,9,10,11,12,13,14,11,12,13,14,11,12,13,14,11,12,13,14,15,16,18,17,19,20,21,22,24,10,11,12,13,14,15,16,17,18,19,21,22,23,25,26,27,28,29,
1,2,3,4,6,8,9,10,11,12,13,14,11,12,13,14,11,12,13,14,11,12,13,14,15,17,19,16,18,21,22,24,10,11,12,13,14,11,12,13,14,11,12,13,14,15,17,19,16,18,20,21,22,24,10,11,12,13,14,11,12,13,14,15,16,17,18,19,21,22,23,25,26,27,28,29,
1,2,3,5,7,8,9,10,11,12,13,14,15,17,19,16,18,21,22,24,10,11,12,13,14,11,12,13,14,15,17,16,19,18,21,22,23,25,26,27,28,29,
1,2,3,4,6,8,9,10,11,12,13,14,15,16,17,19,18,20,21,22,24,10,11,12,13,14,15,16,17,19,18,21,22,24,10,11,12,13,14,15,17,19,16,18,21,22,24,10,11,12,13,14,11,12,13,14,11,12,13,14,15,17,16,19,18,20,21,22,23,25,26,27,28,29,
1,2,3,4,6,8,9,10,11,12,13,14,11,12,13,14,15,17,16,18,19,20,21,22,24,10,11,12,13,14,15,16,18,17,19,20,21,22,23,25,26,27,28,29,
1,2,3,4,6,8,9,10,11,12,13,14,15,16,17,19,18,21,22,24,10,11,12,13,14,11,12,13,14,11,12,13,14,15,17,19,16,18,21,22,23,25,26,27,28,29,
1,2,3,5,7,8,9,10,11,12,13,14,11,12,13,14,15,16,17,18,21,19,22,24,10,11,12,13,14,11,12,13,14,11,12,13,14,15,17,16,19,18,21,22,24,10,11,12,13,14,15,17,19,16,18,20,21,22,23,25,26,27,28,29,
1,2,3,5,7,8,9,10,11,12,13,14,11,12,13,14,15,17,16,18,19,21,22,24,10,11,12,13,14,11,12,13,14,11,12,13,14,11,12,13,14,15,16,18,17,19,20,21,22,24,10,11,12,13,14,15,16,17,19,18,21,22,23,25,26,27,28,29,
1,2,3,5,7,8,9,10,11,12,13,14,15,17,16,18,19,20,21,22,24,10,11,12,13,14,15,16,18,17,21,19,22,24,10,11,12,13,14,15,17,19,16,18,21,22,23,25,26,27,28,29,
1,2,3,4,6,8,9,10,11,12,13,14,15,16,17,18,19,20,21,22,24,10,11,12,13,14,11,12,13,14,11,12,13,14,11,12,13,14,11,12,13,14,15,16,17,19,18,21,22,24,10,11,12,13,14,11,12,13,14,15,17,19,16,18,21,22,24,10,11,12,13,14,15,17,16,18,19,20,21,22,23,25,26,27,28,29,
1,2,3,5,7,8,9,10,11,12,13,14,11,12,13,14,15,17,16,18,21,19,22,23,25,26,27,28,29,
1,2,3,5,7,8,9,10,11,12,13,14,15,17,16,18,19,20,21,22,23,25,26,27,28,29,
1,2,3,5,7,8,9,10,11,12,13,14,15,17,16,18,19,20,21,22,23,25,26,27,28,29,
1,2,3,5,7,8,9,10,11,12,13,14,15,17,16,18,19,21,22,24,10,11,12,13,14,15,16,18,17,19,20,21,22,23,25,26,27,28,29,
1,2,3,5,7,8,9,10,11,12,13,14,15,17,19,16,18,21,22,24,10,11,12,13,14,15,17,16,18,19,21,22,24,10,11,12,13,14,15,16,17,19,18,21,22,24,10,11,12,13,14,15,16,17,18,19,20,21,22,24,10,11,12,13,14,15,16,18,17,19,20,21,22,24,10,11,12,13,14,15,17,16,18,19,21,22,23,25,26,27,28,29,
1,2,3,4,6,8,9,10,11,12,13,14,15,16,18,17,19,20,21,22,24,10,11,12,13,14,15,16,17,18,19,20,21,22,23,25,26,27,28,29,
1,2,3,4,6,8,9,10,11,12,13,14,11,12,13,14,11,12,13,14,15,17,19,16,18,21,22,24,10,11,12,13,14,15,17,19,16,18,20,21,22,23,25,26,27,28,29,
1,2,3,5,7,8,9,10,11,12,13,14,11,12,13,14,15,17,19,16,18,21,22,23,25,26,27,28,29,
1,2,3,5,7,8,9,10,11,12,13,14,11,12,13,14,15,17,19,16,18,21,22,23,25,26,27,28,29,
1,2,3,5,7,8,9,10,11,12,13,14,15,16,18,17,19,21,22,24,10,11,12,13,14,11,12,13,14,11,12,13,14,15,16,18,17,19,20,21,22,24,10,11,12,13,14,15,17,19,16,18,20,21,22,23,25,26,27,28,29,
1,2,3,4,6,8,9,10,11,12,13,14,15,17,16,19,18,21,22,23,25,26,27,28,29,
1,2,3,4,6,8,9,10,11,12,13,14,15,17,16,19,18,21,22,23,25,26,27,28,29,
1,2,3,5,7,8,9,10,11,12,13,14,15,17,16,19,18,20,21,22,24,10,11,12,13,14,15,16,17,18,19,20,21,22,23,25,26,27,28,29,
1,2,3,4,6,8,9,10,11,12,13,14,11,12,13,14,15,16,17,19,18,21,22,23,25,26,27,28,29,
1,2,3,5,7,8,9,10,11,12,13,14,11,12,13,14,11,12,13,14,11,12,13,14,15,17,16,19,18,21,22,24,10,11,12,13,14,11,12,13,14,15,16,17,19,18,21,22,23,25,26,27,28,29,
1,2,3,4,6,8,9,10,11,12,13,14,11,12,13,14,15,16,17,19,18,20,21,22,24,10,11,12,13,14,11,12,13,14,11,12,13,14,11,12,13,14,15,17,16,19,18,21,22,23,25,26,27,28,29,
1,2,3,5,7,8,9,10,11,12,13,14,15,16,17,18,21,19,22,24,10,11,12,13,14,11,12,13,14,15,17,16,19,18,20,21,22,23,25,26,27,28,29,
1,2,3,4,6,8,9,10,11,12,13,14,15,16,18,21,17,19,22,23,25,26,27,28,29,
1,2,3,4,6,8,9,10,11,12,13,14,15,16,18,21,17,19,22,23,25,26,27,28,29,
1,2,3,4,6,8,9,10,11,12,13,14,11,12,13,14,11,12,13,14,15,16,18,17,19,21,22,23,25,26,27,28,29,
1,2,3,4,6,8,9,10,11,12,13,14,11,12,13,14,11,12,13,14,15,16,18,17,19,21,22,23,25,26,27,28,29,
1,2,3,4,6,8,9,10,11,12,13,14,11,12,13,14,15,16,18,17,21,19,22,24,10,11,12,13,14,11,12,13,14,15,17,19,16,18,20,21,22,23,25,26,27,28,29,
1,2,3,4,6,8,9,10,11,12,13,14,11,12,13,14,11,12,13,14,15,16,18,17,19,21,22,23,25,26,27,28,29,
1,2,3,4,6,8,9,10,11,12,13,14,15,17,19,16,18,21,22,23,25,26,27,28,29,
1,2,3,4,6,8,9,10,11,12,13,14,15,16,18,17,21,19,22,24,10,11,12,13,14,15,17,19,16,18,20,21,22,23,25,26,27,28,29,
1,2,3,4,6,8,9,10,11,12,13,14,15,17,19,16,18,21,22,23,25,26,27,28,29,
1,2,3,4,6,8,9,10,11,12,13,14,15,17,19,16,18,21,22,23,25,26,27,28,29,
1,2,3,4,6,8,9,10,11,12,13,14,15,17,19,16,18,21,22,23,25,26,27,28,29,
1,2,3,4,6,8,9,10,11,12,13,14,15,17,19,16,18,20,21,22,24,10,11,12,13,14,15,16,17,19,18,20,21,22,24,10,11,12,13,14,11,12,13,14,11,12,13,14,11,12,13,14,11,12,13,14,15,17,16,18,19,21,22,24,10,11,12,13,14,11,12,13,14,15,16,18,21,17,19,22,23,25,26,27,28,29,
1,2,3,5,7,8,9,10,11,12,13,14,11,12,13,14,11,12,13,14,15,16,17,19,18,21,22,23,25,26,27,28,29,
1,2,3,4,6,8,9,10,11,12,13,14,15,16,18,17,19,20,21,22,24,10,11,12,13,14,11,12,13,14,15,17,19,16,18,20,21,22,23,25,26,27,28,29,
1,2,3,4,6,8,9,10,11,12,13,14,11,12,13,14,15,17,16,19,18,20,21,22,23,25,26,27,28,29,
1,2,3,4,6,8,9,10,11,12,13,14,11,12,13,14,11,12,13,14,15,17,19,16,18,20,21,22,24,10,11,12,13,14,11,12,13,14,15,16,17,19,18,20,21,22,24,10,11,12,13,14,15,17,19,16,18,20,21,22,23,25,26,27,28,29,
1,2,3,5,7,8,9,10,11,12,13,14,15,16,18,17,21,19,22,23,25,26,27,28,29,
1,2,3,5,7,8,9,10,11,12,13,14,15,17,16,18,19,21,22,24,10,11,12,13,14,15,17,19,16,18,20,21,22,23,25,26,27,28,29,
1,2,3,5,7,8,9,10,11,12,13,14,11,12,13,14,15,16,17,19,18,20,21,22,23,25,26,27,28,29,
1,2,3,5,7,8,9,10,11,12,13,14,11,12,13,14,15,16,17,18,19,21,22,24,10,11,12,13,14,11,12,13,14,11,12,13,14,15,17,19,16,18,21,22,24,10,11,12,13,14,15,17,16,18,19,20,21,22,24,10,11,12,13,14,15,17,19,16,18,21,22,24,10,11,12,13,14,15,17,19,16,18,20,21,22,23,25,26,27,28,29,
1,2,3,4,6,8,9,10,11,12,13,14,15,16,18,17,19,21,22,24,10,11,12,13,14,11,12,13,14,11,12,13,14,15,16,17,18,19,20,21,22,24,10,11,12,13,14,15,16,18,17,19,20,21,22,24,10,11,12,13,14,15,16,17,18,19,20,21,22,23,25,26,27,28,29,
1,2,3,4,6,8,9,10,11,12,13,14,15,16,17,18,19,20,21,22,24,10,11,12,13,14,15,17,16,18,19,20,21,22,24,10,11,12,13,14,11,12,13,14,15,17,16,18,19,20,21,22,23,25,26,27,28,29,
1,2,3,4,6,8,9,10,11,12,13,14,15,16,17,19,18,21,22,24,10,11,12,13,14,15,16,17,19,18,20,21,22,23,25,26,27,28,29,
1,2,3,5,7,8,9,10,11,12,13,14,15,16,17,19,18,21,22,24,10,11,12,13,14,15,16,18,17,19,21,22,24,10,11,12,13,14,11,12,13,14,15,16,18,17,19,20,21,22,23,25,26,27,28,29,
1,2,3,5,7,8,9,10,11,12,13,14,15,16,17,19,18,21,22,24,10,11,12,13,14,15,17,19,16,18,21,22,24,10,11,12,13,14,11,12,13,14,11,12,13,14,11,12,13,14,15,17,16,18,19,20,21,22,24,10,11,12,13,14,11,12,13,14,15,16,18,17,19,20,21,22,24,10,11,12,13,14,11,12,13,14,15,16,17,19,18,20,21,22,23,25,26,27,28,29,
1,2,3,5,7,8,9,10,11,12,13,14,11,12,13,14,11,12,13,14,11,12,13,14,11,12,13,14,11,12,13,14,15,17,19,16,18,20,21,22,23,25,26,27,28,29,
1,2,3,4,6,8,9,10,11,12,13,14,15,17,16,19,18,20,21,22,24,10,11,12,13,14,11,12,13,14,15,16,18,17,19,20,21,22,23,25,26,27,28,29,
1,2,3,5,7,8,9,10,11,12,13,14,15,16,18,17,19,20,21,22,24,10,11,12,13,14,11,12,13,14,15,16,17,19,18,20,21,22,24,10,11,12,13,14,15,17,19,16,18,20,21,22,24,10,11,12,13,14,15,16,17,19,18,21,22,23,25,26,27,28,29,
1,2,3,4,6,8,9,10,11,12,13,14,15,16,17,19,18,21,22,24,10,11,12,13,14,11,12,13,14,11,12,13,14,11,12,13,14,15,16,17,18,19,20,21,22,24,10,11,12,13,14,15,16,17,19,18,21,22,24,10,11,12,13,14,15,16,17,19,18,20,21,22,23,25,26,27,28,29,
1,2,3,5,7,8,9,10,11,12,13,14,15,17,19,16,18,20,21,22,24,10,11,12,13,14,15,16,18,17,19,21,22,24,10,11,12,13,14,11,12,13,14,15,16,18,17,19,20,21,22,23,25,26,27,28,29,
1,2,3,5,7,8,9,10,11,12,13,14,11,12,13,14,15,16,17,19,18,21,22,23,25,26,27,28,29,
1,2,3,4,6,8,9,10,11,12,13,14,11,12,13,14,11,12,13,14,15,17,19,16,18,21,22,23,25,26,27,28,29,
1,2,3,4,6,8,9,10,11,12,13,14,15,16,18,17,19,20,21,22,24,10,11,12,13,14,11,12,13,14,11,12,13,14,15,17,16,19,18,21,22,24,10,11,12,13,14,11,12,13,14,15,16,18,17,19,20,21,22,23,25,26,27,28,29,
1,2,3,5,7,8,9,10,11,12,13,14,11,12,13,14,11,12,13,14,11,12,13,14,15,16,17,19,18,21,22,23,25,26,27,28,29,
1,2,3,5,7,8,9,10,11,12,13,14,15,17,16,19,18,20,21,22,24,10,11,12,13,14,15,16,18,17,19,21,22,23,25,26,27,28,29,
1,2,3,5,7,8,9,10,11,12,13,14,15,16,17,18,19,20,21,22,24,10,11,12,13,14,15,16,18,17,19,21,22,23,25,26,27,28,29,
1,2,3,5,7,8,9,10,11,12,13,14,15,17,16,19,18,20,21,22,24,10,11,12,13,14,15,17,16,19,18,20,21,22,24,10,11,12,13,14,15,17,19,16,18,20,21,22,24,10,11,12,13,14,11,12,13,14,11,12,13,14,15,16,17,18,21,19,22,23,25,26,27,28,29,
1,2,3,5,7,8,9,10,11,12,13,14,11,12,13,14,15,17,19,16,18,20,21,22,23,25,26,27,28,29,
1,2,3,4,6,8,9,10,11,12,13,14,15,17,16,19,18,20,21,22,24,10,11,12,13,14,15,17,16,19,18,20,21,22,23,25,26,27,28,29,
1,2,3,4,6,8,9,10,11,12,13,14,15,16,18,17,19,21,22,24,10,11,12,13,14,15,16,18,17,19,20,21,22,23,25,26,27,28,29,
1,2,3,4,6,8,9,10,11,12,13,14,15,16,17,19,18,21,22,23,25,26,27,28,29,
1,2,3,5,7,8,9,10,11,12,13,14,11,12,13,14,15,17,19,16,18,20,21,22,23,25,26,27,28,29,
1,2,3,4,6,8,9,10,11,12,13,14,15,16,17,19,18,21,22,23,25,26,27,28,29,
1,2,3,5,7,8,9,10,11,12,13,14,11,12,13,14,15,17,19,16,18,20,21,22,23,25,26,27,28,29,
1,2,3,4,6,8,9,10,11,12,13,14,15,16,17,19,18,20,21,22,24,10,11,12,13,14,15,17,16,19,18,21,22,23,25,26,27,28,29,
1,2,3,4,6,8,9,10,11,12,13,14,15,16,17,19,18,21,22,23,25,26,27,28,29,
1,2,3,5,7,8,9,10,11,12,13,14,15,17,16,18,21,19,22,24,10,11,12,13,14,11,12,13,14,15,16,18,17,19,20,21,22,23,25,26,27,28,29,
1,2,3,4,6,8,9,10,11,12,13,14,11,12,13,14,15,17,16,19,18,21,22,24,10,11,12,13,14,11,12,13,14,15,17,19,16,18,21,22,23,25,26,27,28,29,
1,2,3,4,6,8,9,10,11,12,13,14,11,12,13,14,11,12,13,14,11,12,13,14,11,12,13,14,15,17,19,16,18,20,21,22,24,10,11,12,13,14,15,16,17,19,18,21,22,24,10,11,12,13,14,15,17,19,16,18,20,21,22,24,10,11,12,13,14,15,17,16,18,19,21,22,23,25,26,27,28,29,
1,2,3,4,6,8,9,10,11,12,13,14,11,12,13,14,11,12,13,14,11,12,13,14,11,12,13,14,15,16,18,21,17,19,22,23,25,26,27,28,29,
1,2,3,5,7,8,9,10,11,12,13,14,11,12,13,14,11,12,13,14,11,12,13,14,15,16,17,19,18,21,22,24,10,11,12,13,14,15,16,17,18,19,20,21,22,23,25,26,27,28,29,
1,2,3,4,6,8,9,10,11,12,13,14,15,17,19,16,18,21,22,23,25,26,27,28,29,
1,2,3,4,6,8,9,10,11,12,13,14,11,12,13,14,15,16,17,19,18,20,21,22,23,25,26,27,28,29,
1,2,3,4,6,8,9,10,11,12,13,14,15,17,19,16,18,21,22,23,25,26,27,28,29,
1,2,3,4,6,8,9,10,11,12,13,14,15,17,19,16,18,21,22,23,25,26,27,28,29,
1,2,3,4,6,8,9,10,11,12,13,14,15,17,19,16,18,21,22,23,25,26,27,28,29,
1,2,3,5,7,8,9,10,11,12,13,14,11,12,13,14,11,12,13,14,15,17,16,18,21,19,22,24,10,11,12,13,14,15,17,16,19,18,21,22,24,10,11,12,13,14,15,17,16,18,21,19,22,24,10,11,12,13,14,15,16,18,17,21,19,22,23,25,26,27,28,29,
1,2,3,5,7,8,9,10,11,12,13,14,11,12,13,14,11,12,13,14,11,12,13,14,15,16,18,17,19,20,21,22,23,25,26,27,28,29,
1,2,3,4,6,8,9,10,11,12,13,14,15,17,19,16,18,21,22,23,25,26,27,28,29,
1,2,3,5,7,8,9,10,11,12,13,14,11,12,13,14,11,12,13,14,11,12,13,14,15,17,16,18,19,20,21,22,24,10,11,12,13,14,11,12,13,14,15,17,16,19,18,20,21,22,24,10,11,12,13,14,15,16,17,19,18,20,21,22,24,10,11,12,13,14,15,17,19,16,18,20,21,22,24,10,11,12,13,14,15,16,17,19,18,21,22,24,10,11,12,13,14,11,12,13,14,11,12,13,14,11,12,13,14,11,12,13,14,11,12,13,14,15,16,18,17,19,20,21,22,23,25,26,27,28,29,
1,2,3,4,6,8,9,10,11,12,13,14,15,17,19,16,18,20,21,22,24,10,11,12,13,14,11,12,13,14,11,12,13,14,11,12,13,14,11,12,13,14,15,16,17,19,18,21,22,24,10,11,12,13,14,11,12,13,14,11,12,13,14,15,17,19,16,18,20,21,22,23,25,26,27,28,29,
1,2,3,4,6,8,9,10,11,12,13,14,11,12,13,14,15,16,17,18,21,19,22,23,25,26,27,28,29,
1,2,3,5,7,8,9,10,11,12,13,14,15,17,19,16,18,20,21,22,24,10,11,12,13,14,11,12,13,14,15,17,16,19,18,21,22,24,10,11,12,13,14,15,17,19,16,18,20,21,22,23,25,26,27,28,29,
1,2,3,5,7,8,9,10,11,12,13,14,15,17,19,16,18,21,22,24,10,11,12,13,14,11,12,13,14,15,17,19,16,18,21,22,24,10,11,12,13,14,15,16,18,17,19,20,21,22,24,10,11,12,13,14,11,12,13,14,11,12,13,14,15,17,16,19,18,20,21,22,23,25,26,27,28,29,
1,2,3,5,7,8,9,10,11,12,13,14,11,12,13,14,15,17,16,19,18,20,21,22,24,10,11,12,13,14,11,12,13,14,11,12,13,14,11,12,13,14,15,17,16,19,18,21,22,23,25,26,27,28,29,
1,2,3,4,6,8,9,10,11,12,13,14,11,12,13,14,11,12,13,14,15,17,19,16,18,20,21,22,23,25,26,27,28,29,
1,2,3,4,6,8,9,10,11,12,13,14,11,12,13,14,11,12,13,14,15,17,19,16,18,20,21,22,23,25,26,27,28,29,
1,2,3,5,7,8,9,10,11,12,13,14,15,17,16,18,19,20,21,22,24,10,11,12,13,14,15,17,16,19,18,21,22,24,10,11,12,13,14,15,17,16,19,18,20,21,22,23,25,26,27,28,29,
1,2,3,4,6,8,9,10,11,12,13,14,11,12,13,14,15,17,19,16,18,20,21,22,24,10,11,12,13,14,15,16,17,18,21,19,22,24,10,11,12,13,14,15,16,17,18,19,20,21,22,24,10,11,12,13,14,15,17,16,18,19,21,22,23,25,26,27,28,29,
1,2,3,4,6,8,9,10,11,12,13,14,15,16,18,17,19,20,21,22,24,10,11,12,13,14,15,16,18,17,19,20,21,22,23,25,26,27,28,29,
1,2,3,5,7,8,9,10,11,12,13,14,11,12,13,14,11,12,13,14,15,17,19,16,18,21,22,24,10,11,12,13,14,15,16,18,17,19,21,22,23,25,26,27,28,29,
1,2,3,4,6,8,9,10,11,12,13,14,15,16,17,18,19,20,21,22,23,25,26,27,28,29,
1,2,3,5,7,8,9,10,11,12,13,14,15,16,17,18,19,20,21,22,23,25,26,27,28,29,
1,2,3,5,7,8,9,10,11,12,13,14,15,16,17,18,19,20,21,22,23,25,26,27,28,29,
1,2,3,5,7,8,9,10,11,12,13,14,11,12,13,14,15,17,19,16,18,21,22,24,10,11,12,13,14,11,12,13,14,15,17,19,16,18,20,21,22,24,10,11,12,13,14,15,16,17,19,18,20,21,22,24,10,11,12,13,14,11,12,13,14,11,12,13,14,11,12,13,14,15,16,17,19,18,21,22,24,10,11,12,13,14,11,12,13,14,11,12,13,14,15,17,16,19,18,20,21,22,24,10,11,12,13,14,11,12,13,14,11,12,13,14,15,17,16,19,18,20,21,22,24,10,11,12,13,14,11,12,13,14,11,12,13,14,15,16,17,19,18,21,22,23,25,26,27,28,29,
1,2,3,4,6,8,9,10,11,12,13,14,15,16,17,18,19,20,21,22,23,25,26,27,28,29,
1,2,3,4,6,8,9,10,11,12,13,14,15,16,17,18,19,20,21,22,23,25,26,27,28,29,
1,2,3,4,6,8,9,10,11,12,13,14,15,16,17,18,19,20,21,22,23,25,26,27,28,29,