1,2,3,4,6,28,29,30,
1,2,3,4,6,28,29,30,
1,2,3,4,6,28,29,30,
1,2,3,4,6,28,29,30,
1,2,3,4,6,28,29,30,
1,2,3,4,5,8,9,17,19,20,10,12,13,14,18,21,22,24,26,25,27,28,29,30,
1,2,3,4,7,8,11,17,19,20,10,12,13,17,20,19,10,12,13,15,28,29,30,
1,2,3,4,5,28,29,30,
1,2,3,4,5,28,29,30,
1,2,3,4,5,28,29,30,
1,2,3,4,5,28,29,30,
1,2,3,4,7,8,17,9,20,19,10,12,13,15,28,29,30,
1,2,3,4,5,28,29,30,
1,2,3,4,7,4,7,4,6,4,6,28,29,30,
1,2,3,4,5,28,29,30,
1,2,3,4,5,8,17,11,19,20,10,12,13,15,28,29,30,
1,2,3,4,6,4,6,4,6,4,5,4,5,8,11,17,20,19,10,12,13,17,19,20,10,12,13,15,28,29,30,
1,2,3,4,5,28,29,30,
1,2,3,4,5,28,29,30,
1,2,3,4,7,8,11,17,19,20,10,12,13,17,19,20,10,12,13,14,18,21,22,24,26,25,27,28,29,30,
1,2,3,4,5,28,29,30,
1,2,3,4,5,28,29,30,
1,2,3,4,6,8,11,17,20,19,10,12,13,17,20,19,10,12,13,16,24,25,26,27,28,29,30,
1,2,3,4,6,28,29,30,
1,2,3,4,6,28,29,30,
1,2,3,4,6,8,9,17,20,19,10,12,13,17,20,19,10,12,13,15,28,29,30,
1,2,3,4,6,28,29,30,
1,2,3,4,6,28,29,30,
1,2,3,4,6,28,29,30,
1,2,3,4,6,28,29,30,
1,2,3,4,6,28,29,30,
1,2,3,4,5,4,6,8,9,17,19,20,10,12,13,14,18,23,28,29,30,
1,2,3,4,5,28,29,30,
1,2,3,4,5,28,29,30,
1,2,3,4,6,4,6,8,11,17,19,20,10,12,13,16,24,25,26,27,28,29,30,
1,2,3,4,5,28,29,30,
1,2,3,4,5,28,29,30,
1,2,3,4,5,28,29,30,
1,2,3,4,5,28,29,30,
1,2,3,4,5,28,29,30,
1,2,3,4,6,4,6,8,11,17,20,19,10,12,13,15,28,29,30,
1,2,3,4,5,28,29,30,
1,2,3,4,6,8,11,17,20,19,10,12,13,16,24,25,26,27,28,29,30,
1,2,3,4,5,4,7,4,7,8,9,17,19,20,10,12,13,16,24,25,26,27,28,29,30,
1,2,3,4,5,28,29,30,
1,2,3,4,5,28,29,30,
1,2,3,4,6,28,29,30,
1,2,3,4,6,28,29,30,
1,2,3,4,5,8,11,17,19,20,10,12,13,16,24,26,25,27,28,29,30,
1,2,3,4,6,28,29,30,
1,2,3,4,6,8,9,17,19,20,10,12,13,17,20,19,10,12,13,14,18,21,22,23,28,29,30,
1,2,3,4,5,8,11,17,19,20,10,12,13,16,24,26,25,27,28,29,30,
1,2,3,4,6,28,29,30,
1,2,3,4,5,8,11,17,19,20,10,12,13,16,24,26,25,27,28,29,30,
1,2,3,4,6,28,29,30,
1,2,3,4,5,8,17,11,19,20,10,12,13,17,20,19,10,12,13,14,18,23,28,29,30,
1,2,3,4,7,4,5,4,6,28,29,30,
1,2,3,4,7,4,5,8,17,11,20,19,10,12,13,15,28,29,30,
1,2,3,4,5,4,7,28,29,30,
1,2,3,4,7,8,11,17,19,20,10,12,13,17,19,20,10,12,13,15,28,29,30,
1,2,3,4,5,4,7,28,29,30,
1,2,3,4,7,8,11,17,19,20,10,12,13,17,19,20,10,12,13,15,28,29,30,
1,2,3,4,5,4,7,28,29,30,
1,2,3,4,5,4,7,28,29,30,
1,2,3,4,5,4,7,28,29,30,
1,2,3,4,5,4,7,28,29,30,
1,2,3,4,5,8,11,17,20,19,10,12,13,14,18,21,22,24,26,25,27,28,29,30,
1,2,3,4,7,4,5,8,11,17,19,20,10,12,13,17,20,19,10,12,13,15,28,29,30,
1,2,3,4,6,8,9,17,19,20,10,12,13,16,24,26,25,27,28,29,30,
1,2,3,4,7,4,7,4,6,28,29,30,
1,2,3,4,7,4,5,8,11,17,19,20,10,12,13,15,28,29,30,
1,2,3,4,5,8,11,17,20,19,10,12,13,15,28,29,30,
1,2,3,4,7,4,6,28,29,30,
1,2,3,4,5,8,11,17,20,19,10,12,13,15,28,29,30,
1,2,3,4,7,4,6,28,29,30,
1,2,3,4,7,4,6,28,29,30,
1,2,3,4,5,4,5,28,29,30,
1,2,3,4,6,4,5,4,6,28,29,30,
1,2,3,4,7,4,5,4,7,4,5,28,29,30,
1,2,3,4,5,8,17,11,20,19,10,12,13,15,28,29,30,
1,2,3,4,6,8,11,17,20,19,10,12,13,15,28,29,30,
1,2,3,4,5,4,6,28,29,30,
1,2,3,4,5,8,11,17,19,20,10,12,13,17,19,20,10,12,13,14,18,21,22,23,28,29,30,
1,2,3,4,7,4,5,8,9,17,19,20,10,12,13,15,28,29,30,
1,2,3,4,6,8,11,17,20,19,10,12,13,15,28,29,30,
1,2,3,4,5,4,6,28,29,30,
1,2,3,4,6,4,5,8,17,9,20,19,10,12,13,15,28,29,30,
1,2,3,4,5,4,6,8,11,17,19,20,10,12,13,16,24,25,26,27,28,29,30,
1,2,3,4,6,8,11,17,20,19,10,12,13,15,28,29,30,
1,2,3,4,5,4,6,28,29,30,
1,2,3,4,5,8,9,17,19,20,10,12,13,15,28,29,30,
1,2,3,4,5,8,9,17,19,20,10,12,13,15,28,29,30,
1,2,3,4,5,4,5,28,29,30,
1,2,3,4,7,8,17,9,19,20,10,12,13,15,28,29,30,
1,2,3,4,7,8,11,17,19,20,10,12,13,14,18,23,28,29,30,
1,2,3,4,7,8,11,17,19,20,10,12,13,14,18,23,28,29,30,
1,2,3,4,7,4,6,4,7,8,9,17,19,20,10,12,13,15,28,29,30,
1,2,3,4,7,8,11,17,20,19,10,12,13,16,24,25,26,27,28,29,30,
1,2,3,4,6,4,7,8,11,17,19,20,10,12,13,16,24,26,25,27,28,29,30,
1,2,3,4,5,8,11,17,19,20,10,12,13,14,18,21,22,24,26,25,27,28,29,30,
1,2,3,4,5,8,11,17,19,20,10,12,13,14,18,21,22,24,26,25,27,28,29,30,
1,2,3,4,7,8,17,11,20,19,10,12,13,15,28,29,30,
1,2,3,4,7,4,6,4,7,8,17,19,9,20,10,12,13,15,28,29,30,
1,2,3,4,6,8,9,17,20,19,10,12,13,16,24,25,26,27,28,29,30,
1,2,3,4,5,4,6,4,5,8,9,17,20,19,10,12,13,17,19,20,10,12,13,14,18,23,28,29,30,
1,2,3,4,6,8,17,20,11,19,10,12,13,15,28,29,30,
1,2,3,4,6,8,11,17,19,20,10,12,13,15,28,29,30,
1,2,3,4,6,8,17,9,19,20,10,12,13,17,19,20,10,12,13,17,20,19,10,12,13,17,19,20,10,12,13,15,28,29,30,
1,2,3,4,5,8,9,17,19,20,10,12,13,17,19,20,10,12,13,17,19,20,10,12,13,14,18,23,28,29,30,
1,2,3,4,5,8,17,9,20,19,10,12,13,16,24,26,25,27,28,29,30,
1,2,3,4,7,4,5,8,9,17,20,19,10,12,13,16,24,25,26,27,28,29,30,
1,2,3,4,5,8,17,20,11,19,10,12,13,16,24,25,26,27,28,29,30,
1,2,3,4,6,8,11,17,19,20,10,12,13,15,28,29,30,
1,2,3,4,7,4,5,4,6,4,5,8,9,17,20,19,10,12,13,15,28,29,30,
1,2,3,4,6,4,5,8,17,19,11,20,10,12,13,15,28,29,30,
1,2,3,4,5,8,11,17,19,20,10,12,13,14,18,21,22,24,25,26,27,28,29,30,
1,2,3,4,5,8,17,20,9,19,10,12,13,15,28,29,30,
1,2,3,4,5,4,7,8,11,17,20,19,10,12,13,15,28,29,30,
1,2,3,4,6,4,6,8,11,17,19,20,10,12,13,14,18,23,28,29,30,
1,2,3,4,6,8,17,11,20,19,10,12,13,14,18,21,22,23,28,29,30,
1,2,3,4,5,8,17,20,9,19,10,12,13,15,28,29,30,
1,2,3,4,6,4,7,4,5,4,5,28,29,30,
1,2,3,4,7,8,9,17,20,19,10,12,13,15,28,29,30,
1,2,3,4,7,8,9,17,20,19,10,12,13,15,28,29,30,
1,2,3,4,6,4,6,28,29,30,
1,2,3,4,6,8,9,17,19,20,10,12,13,14,18,23,28,29,30,
1,2,3,4,5,4,7,4,5,8,17,19,20,10,11,12,13,17,19,20,10,12,13,15,28,29,30,
1,2,3,4,6,4,6,28,29,30,
1,2,3,4,6,4,5,4,7,28,29,30,
1,2,3,4,6,8,17,19,9,20,10,12,13,14,18,23,28,29,30,
1,2,3,4,7,4,5,28,29,30,
1,2,3,4,5,28,29,30,
1,2,3,4,5,8,11,17,20,19,10,12,13,16,24,26,25,27,28,29,30,
1,2,3,4,7,4,5,28,29,30,
1,2,3,4,5,28,29,30,
1,2,3,4,7,8,11,17,19,20,10,12,13,16,24,25,26,27,28,29,30,
1,2,3,4,7,4,5,28,29,30,
1,2,3,4,5,28,29,30,
1,2,3,4,7,4,5,28,29,30,
1,2,3,4,5,28,29,30,
1,2,3,4,7,8,11,17,19,20,10,12,13,16,24,25,26,27,28,29,30,
1,2,3,4,7,4,5,28,29,30,
1,2,3,4,5,4,7,4,7,8,9,17,19,20,10,12,13,17,19,20,10,12,13,16,24,25,26,27,28,29,30,
1,2,3,4,7,8,11,17,20,19,10,12,13,15,28,29,30,
1,2,3,4,7,8,11,17,20,19,10,12,13,15,28,29,30,
1,2,3,4,7,4,7,4,5,8,17,20,19,9,10,12,13,17,19,20,10,12,13,16,24,26,25,27,28,29,30,
1,2,3,4,5,28,29,30,
1,2,3,4,5,28,29,30,
1,2,3,4,7,4,5,28,29,30,
1,2,3,4,5,28,29,30,
1,2,3,4,5,28,29,30,
1,2,3,4,7,8,11,17,20,19,10,12,13,15,28,29,30,
1,2,3,4,5,28,29,30,
1,2,3,4,7,8,11,17,20,19,10,12,13,15,28,29,30,
1,2,3,4,5,28,29,30,
1,2,3,4,5,4,7,4,5,4,6,4,6,28,29,30,
1,2,3,4,6,4,7,4,6,8,9,17,20,19,10,12,13,15,28,29,30,
1,2,3,4,6,8,17,11,19,20,10,12,13,16,24,25,26,27,28,29,30,
1,2,3,4,6,28,29,30,
1,2,3,4,6,28,29,30,
1,2,3,4,6,28,29,30,
1,2,3,4,6,28,29,30,
1,2,3,4,7,4,5,4,7,8,17,11,20,19,10,12,13,16,24,26,25,27,28,29,30,
1,2,3,4,5,4,6,8,17,20,11,19,10,12,13,16,24,26,25,27,28,29,30,
1,2,3,4,6,28,29,30,
1,2,3,4,6,28,29,30,
1,2,3,4,6,8,11,17,19,20,10,12,13,17,20,19,10,12,13,14,18,21,22,24,26,25,27,28,29,30,
1,2,3,4,6,28,29,30,
1,2,3,4,7,4,6,4,7,4,7,28,29,30,
1,2,3,4,6,28,29,30,
1,2,3,4,6,28,29,30,
1,2,3,4,6,28,29,30,
1,2,3,4,5,8,11,17,19,20,10,12,13,17,20,19,10,12,13,17,20,19,10,12,13,15,28,29,30,
1,2,3,4,7,8,17,20,11,19,10,12,13,16,24,26,25,27,28,29,30,
1,2,3,4,5,8,9,17,20,19,10,12,13,17,19,20,10,12,13,14,18,21,22,24,26,25,27,28,29,30,
1,2,3,4,5,28,29,30,
1,2,3,4,5,28,29,30,
1,2,3,4,5,28,29,30,
1,2,3,4,6,8,9,17,20,19,10,12,13,14,18,21,22,24,26,25,27,28,29,30,
1,2,3,4,5,28,29,30,
1,2,3,4,5,4,5,4,6,28,29,30,
1,2,3,4,5,28,29,30,
1,2,3,4,5,28,29,30,
1,2,3,4,5,28,29,30,
1,2,3,4,6,4,7,8,9,17,19,20,10,12,13,17,19,20,10,12,13,14,18,21,22,23,28,29,30,
1,2,3,4,5,28,29,30,
1,2,3,4,5,28,29,30,
1,2,3,4,5,28,29,30,
1,2,3,4,7,8,9,17,19,20,10,12,13,16,24,25,26,27,28,29,30,
1,2,3,4,5,8,17,20,11,19,10,12,13,15,28,29,30,
1,2,3,4,5,8,17,20,11,19,10,12,13,15,28,29,30,
1,2,3,4,5,8,17,11,20,19,10,12,13,14,18,23,28,29,30,
1,2,3,4,6,8,9,17,20,19,10,12,13,16,24,26,25,27,28,29,30,
1,2,3,4,5,8,9,17,20,19,10,12,13,17,20,19,10,12,13,14,18,21,22,24,25,26,27,28,29,30,
1,2,3,4,6,8,9,17,20,19,10,12,13,16,24,26,25,27,28,29,30,
1,2,3,4,6,4,5,4,7,4,6,4,7,28,29,30,
1,2,3,4,7,4,7,28,29,30,
1,2,3,4,6,4,5,4,5,28,29,30,
1,2,3,4,7,4,7,28,29,30,
1,2,3,4,6,4,5,4,5,28,29,30,
1,2,3,4,6,4,5,4,5,28,29,30,
1,2,3,4,6,4,7,28,29,30,
1,2,3,4,6,4,7,28,29,30,
1,2,3,4,6,4,7,28,29,30,
1,2,3,4,6,4,7,28,29,30,
1,2,3,4,6,4,7,28,29,30,
1,2,3,4,6,8,11,17,19,20,10,12,13,14,18,21,22,24,25,26,27,28,29,30,
1,2,3,4,7,28,29,30,
1,2,3,4,7,8,11,17,19,20,10,12,13,15,28,29,30,
1,2,3,4,7,28,29,30,
1,2,3,4,7,8,11,17,19,20,10,12,13,15,28,29,30,
1,2,3,4,7,28,29,30,
1,2,3,4,7,8,11,17,20,19,10,12,13,17,19,20,10,12,13,17,19,20,10,12,13,14,18,21,22,23,28,29,30,
1,2,3,4,7,8,11,17,19,20,10,12,13,15,28,29,30,
1,2,3,4,7,28,29,30,
1,2,3,4,7,28,29,30,
1,2,3,4,7,8,11,17,19,20,10,12,13,15,28,29,30,
1,2,3,4,7,4,5,8,17,19,9,20,10,12,13,16,24,26,25,27,28,29,30,
1,2,3,4,7,8,11,17,19,20,10,12,13,15,28,29,30,
1,2,3,4,7,8,11,17,19,20,10,12,13,14,18,21,22,24,26,25,27,28,29,30,
1,2,3,4,6,8,17,9,19,20,10,12,13,15,28,29,30,
1,2,3,4,6,4,7,4,5,28,29,30,
1,2,3,4,6,8,11,17,19,20,10,12,13,17,20,19,10,12,13,15,28,29,30,
1,2,3,4,7,4,5,8,11,17,20,19,10,12,13,15,28,29,30,
1,2,3,4,5,4,6,8,11,17,19,20,10,12,13,17,19,20,10,12,13,14,18,21,22,23,28,29,30,
1,2,3,4,7,28,29,30,
1,2,3,4,7,28,29,30,
1,2,3,4,7,28,29,30,
1,2,3,4,7,28,29,30,
1,2,3,4,7,28,29,30,
1,2,3,4,7,28,29,30,
1,2,3,4,6,8,17,11,19,20,10,12,13,15,28,29,30,
1,2,3,4,7,28,29,30,
1,2,3,4,7,28,29,30,
1,2,3,4,7,28,29,30,
1,2,3,4,7,28,29,30,
1,2,3,4,5,4,7,8,17,11,20,19,10,12,13,17,20,19,10,12,13,14,18,21,22,23,28,29,30,
1,2,3,4,7,28,29,30,
1,2,3,4,7,28,29,30,
1,2,3,4,5,4,7,4,6,4,7,28,29,30,
1,2,3,4,5,8,11,17,19,20,10,12,13,17,20,19,10,12,13,14,18,21,22,24,26,25,27,28,29,30,
1,2,3,4,5,8,11,17,19,20,10,12,13,14,18,23,28,29,30,
1,2,3,4,5,8,11,17,19,20,10,12,13,14,18,23,28,29,30,
1,2,3,4,7,28,29,30,
1,2,3,4,6,4,6,8,9,17,20,19,10,12,13,17,19,20,10,12,13,14,18,23,28,29,30,
1,2,3,4,7,4,6,4,5,28,29,30,
1,2,3,4,5,4,5,8,17,20,11,19,10,12,13,16,24,26,25,27,28,29,30,
1,2,3,4,7,28,29,30,
1,2,3,4,7,28,29,30,
1,2,3,4,7,28,29,30,
1,2,3,4,7,28,29,30,
1,2,3,4,7,4,7,8,17,9,20,19,10,12,13,16,24,25,26,27,28,29,30,
1,2,3,4,5,8,11,17,20,19,10,12,13,14,18,21,22,23,28,29,30,
1,2,3,4,5,8,11,17,20,19,10,12,13,17,20,19,10,12,13,15,28,29,30,
1,2,3,4,5,4,7,8,17,19,20,10,11,12,13,14,18,21,22,24,25,26,27,28,29,30,
1,2,3,4,5,8,11,17,20,19,10,12,13,17,20,19,10,12,13,15,28,29,30,
1,2,3,4,7,8,9,17,19,20,10,12,13,14,18,23,28,29,30,
1,2,3,4,5,4,6,4,7,4,6,28,29,30,
1,2,3,4,5,4,6,8,11,17,20,19,10,12,13,15,28,29,30,
1,2,3,4,6,4,6,8,11,17,19,20,10,12,13,14,18,21,22,24,26,25,27,28,29,30,
1,2,3,4,5,4,5,4,7,4,5,8,17,19,11,20,10,12,13,17,19,20,10,12,13,16,24,25,26,27,28,29,30,
1,2,3,4,7,4,6,4,7,28,29,30,
1,2,3,4,6,4,7,8,17,9,20,19,10,12,13,17,20,19,10,12,13,15,28,29,30,
1,2,3,4,5,8,11,17,20,19,10,12,13,17,19,20,10,12,13,17,19,20,10,12,13,16,24,26,25,27,28,29,30,
1,2,3,4,7,4,6,4,6,8,9,17,19,20,10,12,13,16,24,25,26,27,28,29,30,
1,2,3,4,7,28,29,30,
1,2,3,4,7,8,11,17,20,19,10,12,13,16,24,26,25,27,28,29,30,
1,2,3,4,7,28,29,30,
1,2,3,4,7,28,29,30,
1,2,3,4,7,28,29,30,
1,2,3,4,5,8,11,17,19,20,10,12,13,15,28,29,30,
1,2,3,4,6,4,7,8,9,17,19,20,10,12,13,17,19,20,10,12,13,15,28,29,30,
1,2,3,4,5,8,11,17,19,20,10,12,13,15,28,29,30,
1,2,3,4,6,8,9,17,20,19,10,12,13,17,19,20,10,12,13,15,28,29,30,
1,2,3,4,6,8,17,19,9,20,10,12,13,15,28,29,30,
1,2,3,4,6,4,5,28,29,30,
1,2,3,4,6,4,5,28,29,30,
1,2,3,4,6,4,5,28,29,30,
1,2,3,4,5,8,9,17,19,20,10,12,13,16,24,25,26,27,28,29,30,
1,2,3,4,5,8,9,17,19,20,10,12,13,16,24,25,26,27,28,29,30,
1,2,3,4,7,28,29,30,
1,2,3,4,7,28,29,30,
1,2,3,4,7,28,29,30,
1,2,3,4,5,4,7,4,6,4,7,4,6,8,11,17,19,20,10,12,13,15,28,29,30,
1,2,3,4,7,28,29,30,
1,2,3,4,7,28,29,30,
1,2,3,4,6,4,6,4,6,8,11,17,20,19,10,12,13,17,20,19,10,12,13,15,28,29,30,
1,2,3,4,6,28,29,30,
1,2,3,4,7,28,29,30,
1,2,3,4,6,28,29,30,
1,2,3,4,7,28,29,30,
1,2,3,4,6,28,29,30,
1,2,3,4,7,28,29,30,
1,2,3,4,6,28,29,30,
1,2,3,4,7,28,29,30,
1,2,3,4,6,4,7,8,17,11,19,20,10,12,13,16,24,26,25,27,28,29,30,
1,2,3,4,7,28,29,30,
1,2,3,4,6,8,9,17,19,20,10,12,13,15,28,29,30,
1,2,3,4,6,8,9,17,19,20,10,12,13,15,28,29,30,
1,2,3,4,6,8,9,17,19,20,10,12,13,15,28,29,30,