1,15,10,6,8,3,4,14,2,9,12,13,
1,15,5,6,4,14,2,12,13,
1,15,5,6,4,3,14,9,2,7,
1,15,10,6,4,14,9,12,13,
1,15,10,6,8,3,9,2,12,13,
1,15,11,6,8,4,14,9,2,7,
1,15,11,6,8,9,2,7,
1,15,11,6,8,9,7,
1,15,5,6,8,2,9,12,13,
1,15,5,6,8,3,9,2,7,
1,15,5,6,8,4,14,9,12,13,
1,15,10,6,4,3,14,2,12,13,
1,15,11,6,8,9,2,12,13,
1,15,10,6,4,14,9,12,13,
1,15,10,6,8,4,14,9,2,12,13,
1,15,11,6,4,8,14,2,9,12,13,
1,15,5,6,3,8,2,9,7,
1,15,11,6,4,8,14,9,2,7,
1,15,5,6,8,2,9,12,13,
1,15,5,6,4,14,2,9,12,13,
1,15,5,6,8,3,4,14,9,2,7,
1,15,10,6,4,14,9,12,13,
1,15,11,6,8,9,12,13,
1,15,5,6,4,8,14,3,2,9,7,
1,15,10,6,3,8,4,14,9,2,12,13,
1,15,5,6,8,2,9,12,13,
1,15,11,6,4,8,14,2,12,13,
1,15,5,6,8,9,12,13,
1,15,10,6,4,8,14,2,12,13,
1,15,10,6,8,2,9,12,13,
1,15,5,6,4,8,3,14,9,2,7,
1,15,5,6,3,8,4,14,9,7,
1,15,10,6,4,14,8,9,12,13,
1,15,10,6,8,2,12,13,
1,15,10,6,3,4,14,2,12,13,
1,15,10,6,8,4,14,2,12,13,
1,15,11,6,8,9,7,
1,15,10,6,4,8,14,2,12,13,
1,15,11,6,4,8,14,9,12,13,
1,15,11,6,8,9,2,7,
1,15,10,6,4,14,9,12,13,
1,15,10,6,3,8,4,14,9,12,13,
1,15,11,6,8,4,14,2,9,7,
1,15,10,6,4,8,14,9,12,13,
1,15,5,6,3,4,14,9,2,7,
1,15,10,6,8,9,12,13,
1,15,10,6,4,14,9,12,13,
1,15,10,6,3,8,9,12,13,
1,15,5,6,8,3,4,14,9,2,7,
1,15,10,6,4,8,14,9,2,12,13,
1,15,10,6,8,4,14,9,2,12,13,
1,15,11,6,8,4,14,2,12,13,
1,15,11,6,8,4,14,2,9,12,13,
1,15,11,6,4,14,2,9,12,13,
1,15,11,6,4,8,14,9,2,12,13,
1,15,10,6,4,14,2,9,12,13,
1,15,5,6,3,4,14,8,9,2,7,
1,15,5,6,4,8,14,2,9,12,13,
1,15,11,6,4,14,8,2,12,13,
1,15,5,6,4,14,8,9,2,12,13,
1,15,11,6,8,9,7,
1,15,5,6,8,3,4,14,9,2,7,
1,15,11,6,8,2,7,
1,15,5,6,8,2,9,12,13,
1,15,5,6,8,4,14,2,12,13,
1,15,11,6,4,8,14,2,9,7,
1,15,11,6,8,9,2,7,
1,15,5,6,4,14,2,12,13,
1,15,5,6,4,3,14,8,2,7,
1,15,11,6,8,4,14,9,7,
1,15,10,6,3,8,9,2,12,13,
1,15,10,6,3,8,4,14,2,12,13,
1,15,5,6,8,4,3,14,9,7,
1,15,11,6,8,2,9,12,13,
1,15,10,6,4,14,8,9,12,13,
1,15,10,6,8,3,4,14,9,12,13,
1,15,11,6,4,14,9,12,13,
1,15,5,6,8,4,14,2,9,12,13,
1,15,11,6,8,9,12,13,
1,15,5,6,8,9,2,12,13,
1,15,11,6,8,4,14,9,2,12,13,
1,15,5,6,4,14,3,2,9,7,
1,15,5,6,8,9,12,13,
1,15,5,6,8,4,14,2,9,12,13,
1,15,11,6,8,9,7,
1,15,11,6,8,4,14,9,7,
1,15,5,6,8,4,14,9,12,13,
1,15,5,6,4,14,3,2,9,7,
1,15,10,6,3,4,14,2,12,13,
1,15,5,6,4,14,8,2,9,12,13,
1,15,11,6,4,8,14,2,12,13,
1,15,10,6,8,2,9,12,13,
1,15,10,6,3,4,14,8,9,12,13,
1,15,11,6,8,2,9,7,
1,15,5,6,8,4,14,3,2,9,7,
1,15,11,6,8,4,14,9,7,
1,15,5,6,3,8,9,2,7,
1,15,10,6,3,8,4,14,2,9,12,13,
1,15,10,6,3,8,2,12,13,
1,15,10,6,3,8,4,14,2,9,12,13,
1,15,5,6,8,4,3,14,2,9,7,
1,15,10,6,4,8,14,3,9,12,13,
1,15,10,6,3,4,8,14,2,12,13,
1,15,5,6,4,14,9,12,13,
1,15,10,6,4,8,14,2,9,12,13,
1,15,10,6,4,14,9,2,12,13,
1,15,11,6,4,8,14,2,9,12,13,
1,15,10,6,4,3,8,14,9,12,13,
1,15,11,6,4,14,2,9,7,
1,15,10,6,4,3,14,2,9,12,13,
1,15,11,6,8,2,12,13,
1,15,11,6,8,2,9,12,13,
1,15,5,6,4,3,14,2,7,
1,15,5,6,8,9,12,13,
1,15,5,6,4,14,9,2,12,13,
1,15,11,6,4,8,14,9,2,12,13,
1,15,11,6,4,14,8,9,12,13,
1,15,11,6,4,8,14,2,9,7,
1,15,5,6,4,14,2,9,12,13,
1,15,11,6,4,14,8,2,9,7,
1,15,10,6,8,9,2,12,13,
1,15,10,6,3,8,9,12,13,
1,15,5,6,4,14,8,2,12,13,
1,15,10,6,3,4,14,2,9,12,13,
1,15,11,6,8,4,14,9,2,7,
1,15,11,6,4,14,8,2,9,12,13,
1,15,11,6,4,14,9,2,12,13,
1,15,10,6,8,4,14,2,12,13,
1,15,5,6,4,14,3,9,2,7,
1,15,5,6,3,4,14,9,7,
1,15,10,6,4,8,14,2,9,12,13,
1,15,5,6,8,3,9,2,7,
1,15,10,6,8,3,9,2,12,13,
1,15,11,6,4,14,9,12,13,
1,15,5,6,8,2,9,12,13,
1,15,11,6,4,14,9,7,
1,15,10,6,4,3,8,14,9,2,12,13,
1,15,5,6,8,9,12,13,
1,15,5,6,4,3,14,8,9,7,
1,15,11,6,8,4,14,2,12,13,
1,15,10,6,4,14,2,12,13,
1,15,10,6,4,14,9,2,12,13,
1,15,10,6,4,3,14,2,12,13,
1,15,11,6,8,2,9,7,
1,15,11,6,8,9,2,7,
1,15,5,6,3,8,4,14,9,7,
1,15,5,6,3,4,8,14,2,9,7,
1,15,10,6,4,3,14,9,12,13,
1,15,5,6,8,3,2,7,
1,15,11,6,8,4,14,2,7,
1,15,10,6,8,4,14,2,12,13,
1,15,5,6,4,14,9,2,12,13,
1,15,5,6,3,8,4,14,9,7,
1,15,11,6,4,14,9,7,
1,15,5,6,4,3,14,9,2,7,
1,15,11,6,8,4,14,2,12,13,
1,15,5,6,3,4,8,14,2,7,
1,15,5,6,8,2,12,13,
1,15,11,6,4,14,9,2,7,
1,15,5,6,4,3,14,2,7,
1,15,11,6,8,2,9,7,
1,15,11,6,8,2,9,12,13,
1,15,5,6,8,4,14,3,2,7,
1,15,5,6,8,3,2,7,
1,15,10,6,3,8,9,2,12,13,
1,15,10,6,3,4,8,14,2,12,13,
1,15,5,6,4,14,2,9,12,13,
1,15,10,6,8,4,14,9,12,13,
1,15,5,6,8,4,14,9,12,13,
1,15,10,6,8,4,14,2,12,13,
1,15,11,6,8,2,9,7,
1,15,11,6,8,9,2,7,
1,15,10,6,8,3,2,12,13,
1,15,11,6,4,14,2,9,12,13,
1,15,5,6,8,9,2,12,13,
1,15,11,6,8,9,2,7,
1,15,5,6,4,14,3,9,2,7,
1,15,5,6,4,14,9,2,12,13,
1,15,5,6,8,3,4,14,9,7,
1,15,5,6,3,4,8,14,9,2,7,
1,15,10,6,8,4,14,2,9,12,13,
1,15,5,6,8,4,14,2,9,12,13,
1,15,11,6,8,4,14,9,7,
1,15,5,6,8,9,2,12,13,
1,15,5,6,4,14,9,2,12,13,
1,15,11,6,4,8,14,2,7,
1,15,10,6,8,3,9,12,13,
1,15,10,6,3,8,2,9,12,13,
1,15,5,6,4,14,2,9,12,13,
1,15,5,6,8,9,2,12,13,
1,15,5,6,4,14,8,9,2,12,13,
1,15,11,6,8,9,12,13,
1,15,11,6,8,4,14,2,12,13,
1,15,10,6,3,4,14,9,12,13,
1,15,10,6,3,4,14,2,9,12,13,
1,15,11,6,4,14,2,9,12,13,
1,15,10,6,8,4,3,14,9,2,12,13,
1,15,5,6,4,14,9,12,13,
1,15,10,6,8,9,2,12,13,
1,15,5,6,4,14,3,9,7,
1,15,10,6,3,8,2,9,12,13,
1,15,11,6,4,8,14,2,7,
1,15,5,6,8,4,14,9,12,13,
1,15,5,6,8,2,9,12,13,
1,15,11,6,4,14,2,9,12,13,
1,15,11,6,8,9,2,7,
1,15,11,6,8,4,14,9,7,
1,15,11,6,8,4,14,2,7,
1,15,10,6,4,14,9,2,12,13,
1,15,10,6,3,4,14,2,12,13,
1,15,11,6,4,14,8,2,12,13,
1,15,11,6,8,2,9,7,
1,15,11,6,4,14,9,2,12,13,
1,15,11,6,4,14,2,12,13,
1,15,11,6,8,9,12,13,
1,15,10,6,4,3,14,9,12,13,
1,15,11,6,8,4,14,2,9,7,
1,15,5,6,8,9,2,12,13,
1,15,10,6,4,8,3,14,9,2,12,13,
1,15,11,6,8,4,14,2,12,13,
1,15,11,6,8,9,12,13,
1,15,5,6,8,2,12,13,
1,15,11,6,8,4,14,9,2,12,13,
1,15,5,6,8,4,14,9,2,12,13,
1,15,11,6,4,14,9,2,12,13,
1,15,10,6,8,2,9,12,13,
1,15,5,6,8,3,2,7,
1,15,10,6,4,14,2,9,12,13,
1,15,11,6,8,2,9,7,
1,15,10,6,4,14,3,2,12,13,
1,15,10,6,8,2,9,12,13,
1,15,10,6,4,8,14,9,12,13,
1,15,5,6,3,8,4,14,9,7,
1,15,10,6,3,4,8,14,2,9,12,13,
1,15,10,6,3,4,14,2,12,13,
1,15,10,6,3,8,4,14,9,12,13,
1,15,5,6,8,3,9,2,7,
1,15,11,6,4,14,9,2,7,
1,15,10,6,8,4,3,14,2,9,12,13,
1,15,11,6,8,2,9,7,
1,15,11,6,4,8,14,2,9,12,13,
1,15,5,6,3,4,14,2,9,7,
1,15,10,6,4,14,9,2,12,13,
1,15,5,6,3,8,2,9,7,
1,15,5,6,4,8,14,2,9,12,13,
1,15,11,6,4,14,2,7,
1,15,10,6,3,4,8,14,9,2,12,13,
1,15,5,6,8,4,14,2,9,12,13,
1,15,5,6,3,4,14,9,7,
1,15,11,6,4,14,8,9,12,13,
1,15,11,6,8,4,14,9,7,
1,15,10,6,8,9,12,13,
1,15,11,6,8,4,14,9,12,13,
1,15,10,6,4,8,14,9,12,13,
1,15,11,6,8,9,12,13,
1,15,10,6,4,14,2,9,12,13,
1,15,11,6,4,14,9,7,
1,15,5,6,4,14,8,2,9,12,13,
1,15,10,6,4,14,9,12,13,
1,15,10,6,4,8,14,9,2,12,13,
1,15,5,6,4,14,8,9,2,12,13,
1,15,5,6,4,14,3,9,7,
1,15,5,6,4,8,14,2,12,13,
1,15,11,6,8,2,12,13,
1,15,11,6,8,9,12,13,
1,15,10,6,8,3,4,14,9,2,12,13,
1,15,5,6,8,3,4,14,2,7,
1,15,5,6,8,4,14,9,12,13,
1,15,11,6,4,14,2,9,7,
1,15,5,6,8,4,3,14,2,9,7,
1,15,5,6,8,2,9,12,13,
1,15,10,6,4,3,14,2,12,13,
1,15,11,6,4,8,14,9,7,
1,15,5,6,4,14,2,12,13,
1,15,10,6,8,3,2,9,12,13,
1,15,5,6,8,3,9,2,7,
1,15,5,6,4,8,14,2,9,12,13,
1,15,10,6,8,4,14,2,12,13,
1,15,5,6,4,14,8,3,9,2,7,
1,15,11,6,4,14,2,12,13,
1,15,11,6,8,9,7,
1,15,10,6,3,4,14,9,12,13,
1,15,11,6,8,9,2,12,13,
1,15,10,6,8,2,9,12,13,
1,15,5,6,3,4,8,14,9,7,
1,15,5,6,8,4,14,9,2,12,13,
1,15,5,6,4,14,2,9,12,13,
1,15,10,6,3,4,14,2,9,12,13,
1,15,5,6,4,14,2,9,12,13,
1,15,10,6,8,2,12,13,
1,15,11,6,8,4,14,2,12,13,
1,15,11,6,8,4,14,9,2,7,
1,15,5,6,4,14,9,12,13,
1,15,5,6,8,9,2,12,13,
1,15,11,6,8,4,14,9,7,
1,15,5,6,8,4,14,9,12,13,
1,15,10,6,4,14,2,12,13,
1,15,11,6,4,14,9,12,13,
1,15,10,6,3,8,4,14,9,2,12,13,
1,15,10,6,3,8,9,12,13,
1,15,10,6,8,4,3,14,9,12,13,
1,15,11,6,4,14,9,2,7,
1,15,11,6,8,4,14,2,9,7,
1,15,10,6,4,14,2,9,12,13,
1,15,11,6,8,4,14,2,9,7,
1,15,5,6,8,2,9,12,13,
1,15,11,6,4,8,14,2,7,
1,15,11,6,8,4,14,2,9,7,
1,15,10,6,8,3,4,14,2,9,12,13,
1,15,11,6,4,14,2,9,12,13,
1,15,11,6,8,2,7,
1,15,10,6,3,8,4,14,2,12,13,
1,15,5,6,8,9,2,12,13,
1,15,10,6,3,4,8,14,2,9,12,13,
1,15,10,6,8,4,3,14,9,2,12,13,
1,15,5,6,4,8,14,2,9,12,13,
1,15,5,6,8,4,14,2,9,12,13,
1,15,5,6,3,4,14,9,2,7,
1,15,5,6,8,4,14,2,12,13,
1,15,11,6,8,2,9,12,13,
1,15,11,6,8,4,14,2,9,12,13,
1,15,10,6,4,14,8,2,12,13,
1,15,10,6,3,4,8,14,2,12,13,
1,15,10,6,4,14,9,12,13,
1,15,10,6,4,14,2,12,13,
1,15,5,6,8,4,14,9,2,12,13,
1,15,10,6,4,14,9,2,12,13,
1,15,11,6,4,14,2,9,12,13,
1,15,11,6,4,8,14,9,2,12,13,
1,15,5,6,8,9,2,12,13,
1,15,11,6,4,8,14,9,7,
1,15,5,6,3,8,9,2,7,
1,15,10,6,8,4,14,3,2,12,13,
1,15,10,6,3,4,8,14,9,12,13,
1,15,5,6,8,4,14,2,12,13,
1,15,10,6,4,3,14,9,12,13,
1,15,11,6,8,4,14,2,12,13,
1,15,10,6,8,9,12,13,
1,15,11,6,4,14,2,9,7,
1,15,5,6,8,9,2,12,13,
1,15,10,6,3,4,8,14,9,12,13,
1,15,5,6,4,3,14,9,7,
1,15,10,6,8,2,12,13,
1,15,10,6,3,8,9,12,13,
1,15,10,6,4,3,14,9,2,12,13,
1,15,5,6,8,4,14,9,12,13,
1,15,5,6,8,3,2,9,7,
1,15,10,6,4,14,2,12,13,
1,15,11,6,8,4,14,2,9,7,
1,15,11,6,4,14,8,2,9,12,13,
1,15,5,6,3,8,9,7,
1,15,10,6,4,8,14,9,12,13,
1,15,10,6,3,8,9,2,12,13,
1,15,5,6,8,3,2,9,7,
1,15,5,6,4,14,8,2,12,13,
1,15,11,6,8,9,12,13,
1,15,10,6,8,2,9,12,13,
1,15,11,6,8,2,12,13,
1,15,11,6,8,9,12,13,
1,15,10,6,8,3,9,2,12,13,
1,15,11,6,8,4,14,2,12,13,
1,15,10,6,4,14,9,2,12,13,
1,15,10,6,8,4,14,9,2,12,13,
1,15,5,6,4,14,9,2,12,13,
1,15,11,6,8,9,12,13,
1,15,5,6,3,4,14,2,7,
1,15,10,6,8,9,2,12,13,
1,15,11,6,4,8,14,9,12,13,
1,15,5,6,3,4,14,8,9,2,7,
1,15,5,6,3,8,4,14,2,7,
1,15,11,6,8,4,14,9,2,7,
1,15,10,6,8,4,14,2,12,13,
1,15,5,6,4,14,9,2,12,13,
1,15,5,6,3,8,2,9,7,
1,15,5,6,4,14,8,2,12,13,
1,15,5,6,8,3,9,7,
1,15,11,6,4,14,2,9,7,
1,15,5,6,8,2,9,12,13,
1,15,11,6,8,4,14,9,7,
1,15,5,6,8,2,9,12,13,
1,15,5,6,8,4,14,2,12,13,
1,15,10,6,4,8,14,9,2,12,13,
1,15,5,6,4,8,14,9,2,12,13,
1,15,10,6,3,4,14,9,12,13,
1,15,5,6,8,4,14,9,12,13,
1,15,5,6,4,14,8,9,12,13,
1,15,5,6,4,14,9,12,13,
1,15,10,6,3,4,14,9,12,13,
1,15,5,6,4,3,14,9,7,
1,15,10,6,8,3,9,2,12,13,
1,15,5,6,8,2,12,13,
1,15,5,6,4,8,3,14,9,2,7,
1,15,10,6,3,8,2,12,13,
1,15,10,6,4,14,8,2,9,12,13,
1,15,10,6,8,4,14,9,2,12,13,
1,15,5,6,8,4,3,14,2,9,7,
1,15,11,6,8,4,14,9,7,
1,15,11,6,8,4,14,9,7,
1,15,10,6,8,9,12,13,
1,15,11,6,8,9,2,7,
1,15,11,6,8,2,9,12,13,
1,15,10,6,8,3,2,12,13,
1,15,5,6,3,8,9,7,
1,15,11,6,4,8,14,2,12,13,
1,15,10,6,4,14,2,9,12,13,
1,15,11,6,8,4,14,2,7,
1,15,11,6,8,9,7,
1,15,5,6,3,4,14,9,2,7,
1,15,5,6,3,8,2,9,7,
1,15,10,6,8,4,14,2,9,12,13,
1,15,10,6,8,3,4,14,2,12,13,
1,15,5,6,3,4,14,2,9,7,
1,15,10,6,8,2,12,13,
1,15,11,6,4,14,2,9,7,
1,15,10,6,8,9,12,13,
1,15,11,6,8,2,9,12,13,
1,15,11,6,8,2,12,13,
1,15,11,6,8,4,14,9,2,12,13,
1,15,10,6,4,14,2,9,12,13,
1,15,11,6,4,14,8,2,12,13,
1,15,5,6,4,3,14,9,2,7,
1,15,11,6,8,4,14,2,12,13,
1,15,10,6,4,14,3,8,9,12,13,
1,15,5,6,4,14,2,9,12,13,
1,15,5,6,8,9,12,13,
1,15,10,6,4,14,8,9,12,13,
1,15,11,6,8,4,14,9,2,7,
1,15,5,6,4,14,8,3,2,9,7,
1,15,10,6,8,3,4,14,2,9,12,13,
1,15,5,6,3,8,4,14,2,7,
1,15,10,6,8,9,12,13,
1,15,10,6,8,4,14,9,12,13,
1,15,11,6,8,9,2,7,
1,15,11,6,8,9,12,13,
1,15,10,6,8,3,9,12,13,
1,15,5,6,3,4,14,9,2,7,
1,15,10,6,3,8,9,2,12,13,
1,15,5,6,4,14,2,9,12,13,
1,15,11,6,8,4,14,2,12,13,
1,15,5,6,8,4,14,2,9,12,13,
1,15,10,6,4,8,14,2,9,12,13,
1,15,11,6,8,2,12,13,
1,15,11,6,8,2,9,7,
1,15,5,6,4,14,3,9,7,
1,15,10,6,4,14,2,12,13,
1,15,5,6,4,14,8,2,9,12,13,
1,15,5,6,3,8,4,14,2,9,7,
1,15,5,6,8,3,2,9,7,
1,15,10,6,4,8,14,9,2,12,13,
1,15,10,6,8,2,12,13,
1,15,11,6,8,4,14,9,12,13,
1,15,5,6,4,3,8,14,2,7,
1,15,5,6,8,3,2,7,
1,15,11,6,4,8,14,2,9,7,
1,15,5,6,8,4,14,9,12,13,
1,15,10,6,4,14,9,2,12,13,
1,15,11,6,4,8,14,2,12,13,
1,15,5,6,4,8,14,2,12,13,
1,15,5,6,8,9,12,13,
1,15,10,6,8,4,14,9,2,12,13,
1,15,10,6,4,14,3,9,2,12,13,
1,15,11,6,8,9,7,
1,15,11,6,4,14,8,2,9,12,13,
1,15,10,6,8,2,9,12,13,
1,15,5,6,4,14,3,2,7,
1,15,11,6,4,14,9,12,13,
1,15,11,6,4,14,8,2,12,13,
1,15,10,6,8,2,9,12,13,
1,15,5,6,8,3,9,2,7,
1,15,11,6,8,4,14,9,12,13,
1,15,5,6,3,4,8,14,2,9,7,
1,15,10,6,4,14,8,9,2,12,13,
1,15,5,6,4,3,14,9,2,7,
1,15,5,6,8,4,14,2,9,12,13,
1,15,10,6,4,14,2,9,12,13,
1,15,5,6,8,4,14,9,2,12,13,
1,15,11,6,4,14,8,9,2,7,
1,15,10,6,8,4,14,9,2,12,13,
1,15,11,6,4,8,14,2,12,13,
1,15,10,6,8,3,9,2,12,13,
1,15,11,6,4,8,14,9,12,13,
1,15,10,6,4,14,8,2,9,12,13,
1,15,11,6,4,8,14,2,9,7,
1,15,5,6,4,8,14,9,12,13,
1,15,11,6,4,8,14,2,12,13,
1,15,11,6,4,8,14,9,12,13,
1,15,5,6,3,8,4,14,9,7,
1,15,11,6,8,4,14,2,9,7,
1,15,10,6,4,14,8,2,12,13,
1,15,11,6,8,9,2,7,
1,15,5,6,4,14,9,2,12,13,
1,15,10,6,4,8,14,9,2,12,13,
1,15,5,6,8,9,2,12,13,
1,15,11,6,4,8,14,2,9,12,13,
1,15,5,6,4,3,14,9,2,7,
1,15,5,6,3,4,14,8,2,7,
1,15,11,6,4,14,9,2,12,13,
1,15,11,6,4,8,14,2,9,12,13,
1,15,11,6,4,14,2,12,13,
1,15,11,6,4,14,9,12,13,
1,15,5,6,4,8,3,14,9,2,7,
1,15,5,6,8,2,12,13,
1,15,10,6,4,8,3,14,2,12,13,
1,15,5,6,4,3,14,2,7,
1,15,11,6,4,8,14,2,12,13,
1,15,5,6,4,14,8,2,9,12,13,
1,15,10,6,8,4,14,2,12,13,
1,15,5,6,8,4,14,3,9,2,7,
1,15,10,6,3,4,14,9,2,12,13,
1,15,11,6,4,14,8,9,2,12,13,
1,15,5,6,3,8,4,14,9,2,7,
1,15,5,6,3,4,14,9,7,
1,15,11,6,8,2,9,12,13,
1,15,11,6,4,14,2,12,13,
1,15,11,6,8,9,12,13,
1,15,10,6,3,4,8,14,9,2,12,13,
1,15,5,6,3,4,14,9,7,
1,15,10,6,8,4,14,2,12,13,
1,15,5,6,3,4,14,2,9,7,
1,15,10,6,3,4,8,14,9,12,13,
1,15,10,6,4,14,8,9,12,13,
1,15,10,6,8,4,14,9,12,13,
1,15,11,6,4,8,14,9,7,
1,15,11,6,8,9,7,
1,15,10,6,8,3,4,14,9,12,13,
1,15,10,6,8,9,12,13,
1,15,5,6,8,9,2,12,13,
1,15,5,6,8,4,3,14,2,9,7,
1,15,11,6,8,4,14,9,7,
1,15,10,6,4,8,14,9,2,12,13,
1,15,11,6,4,14,9,7,
1,15,5,6,8,4,14,9,2,12,13,
1,15,5,6,4,3,14,9,7,
1,15,11,6,4,14,2,12,13,
1,15,10,6,8,3,4,14,9,12,13,
1,15,11,6,4,14,9,2,7,
1,15,5,6,3,8,2,7,
1,15,11,6,4,14,8,9,2,7,
1,15,11,6,4,14,8,2,7,
1,15,5,6,8,4,14,9,12,13,
1,15,11,6,8,9,2,7,
1,15,10,6,4,3,8,14,2,9,12,13,
1,15,11,6,4,8,14,2,7,
1,15,5,6,4,8,14,9,12,13,
1,15,10,6,8,4,14,2,12,13,
1,15,10,6,8,2,9,12,13,
1,15,10,6,8,3,2,12,13,
1,15,11,6,8,4,14,2,9,7,
1,15,10,6,3,4,14,9,12,13,
1,15,11,6,4,14,2,9,7,
1,15,5,6,8,4,3,14,9,7,
1,15,10,6,8,3,4,14,2,9,12,13,
1,15,5,6,4,3,14,2,9,7,
1,15,5,6,4,14,8,3,9,7,
1,15,11,6,4,8,14,2,9,12,13,
1,15,5,6,8,9,12,13,
1,15,5,6,8,9,2,12,13,
1,15,5,6,4,14,2,12,13,
1,15,11,6,8,2,12,13,
1,15,5,6,8,4,14,9,12,13,
1,15,10,6,3,4,14,8,9,12,13,
1,15,11,6,8,9,12,13,
1,15,11,6,4,8,14,9,2,12,13,
1,15,11,6,4,14,9,2,7,
1,15,10,6,8,4,14,2,9,12,13,
1,15,11,6,4,8,14,9,2,7,
1,15,11,6,4,8,14,2,12,13,
1,15,11,6,4,14,9,2,12,13,
1,15,5,6,8,4,14,2,12,13,
1,15,10,6,3,8,2,9,12,13,
1,15,10,6,3,4,8,14,9,2,12,13,
1,15,10,6,8,4,14,9,2,12,13,
1,15,10,6,4,14,2,9,12,13,
1,15,10,6,8,2,9,12,13,
1,15,11,6,8,9,2,7,
1,15,5,6,4,14,3,2,9,7,
1,15,11,6,4,8,14,9,7,
1,15,5,6,8,4,14,9,12,13,
1,15,10,6,3,8,4,14,9,12,13,
1,15,5,6,8,3,4,14,9,2,7,
1,15,10,6,4,8,14,9,12,13,
1,15,11,6,4,8,14,9,7,
1,15,10,6,8,4,14,2,9,12,13,
1,15,10,6,8,2,12,13,
1,15,11,6,8,2,12,13,
1,15,5,6,8,2,9,12,13,
1,15,11,6,8,2,9,12,13,
1,15,5,6,8,9,12,13,
1,15,11,6,4,8,14,2,12,13,
1,15,5,6,4,14,9,12,13,
1,15,10,6,4,14,8,9,12,13,
1,15,5,6,4,14,3,2,7,
1,15,10,6,4,3,8,14,9,12,13,
1,15,11,6,8,4,14,9,12,13,
1,15,10,6,8,3,9,12,13,
1,15,5,6,3,8,2,9,7,
1,15,10,6,3,8,4,14,9,2,12,13,
1,15,10,6,8,3,2,12,13,
1,15,5,6,4,3,14,8,9,7,
1,15,5,6,4,3,8,14,9,7,
1,15,5,6,8,2,12,13,
1,15,11,6,8,4,14,9,7,
1,15,10,6,8,4,14,9,2,12,13,
1,15,10,6,4,14,9,12,13,
1,15,10,6,3,4,14,2,9,12,13,
1,15,11,6,4,14,2,9,7,
1,15,10,6,4,8,14,3,2,12,13,
1,15,11,6,4,14,9,7,
1,15,5,6,4,14,9,12,13,
1,15,11,6,8,4,14,9,12,13,
1,15,5,6,4,8,14,2,9,12,13,
1,15,10,6,3,8,2,9,12,13,
1,15,11,6,8,2,7,
1,15,10,6,4,14,8,2,9,12,13,
1,15,10,6,4,14,3,8,9,2,12,13,
1,15,10,6,8,3,2,12,13,
1,15,11,6,4,14,9,12,13,
1,15,5,6,4,8,14,9,2,12,13,
1,15,10,6,3,4,14,8,9,2,12,13,
1,15,10,6,4,14,9,12,13,
1,15,11,6,4,14,8,9,12,13,
1,15,5,6,4,14,9,2,12,13,
1,15,10,6,8,9,12,13,
1,15,10,6,4,14,8,3,2,9,12,13,
1,15,11,6,4,14,2,12,13,
1,15,11,6,8,4,14,2,9,7,
1,15,10,6,3,4,14,9,2,12,13,
1,15,10,6,8,4,14,9,12,13,
1,15,5,6,8,4,14,2,12,13,
1,15,10,6,4,14,9,2,12,13,
1,15,5,6,8,3,2,7,
1,15,10,6,4,14,3,8,2,9,12,13,
1,15,10,6,4,3,14,9,12,13,
1,15,5,6,3,8,2,9,7,
1,15,11,6,4,14,2,9,7,
1,15,5,6,8,2,9,12,13,
1,15,10,6,8,2,9,12,13,
1,15,10,6,8,9,2,12,13,
1,15,11,6,4,14,8,2,9,12,13,
1,15,11,6,4,14,9,2,7,
1,15,11,6,8,9,2,7,
1,15,5,6,3,8,4,14,2,7,
1,15,5,6,4,3,14,2,7,
1,15,5,6,4,8,14,2,9,12,13,
1,15,10,6,3,8,9,12,13,
1,15,10,6,3,4,14,9,12,13,
1,15,10,6,3,8,2,12,13,
1,15,10,6,3,4,14,9,12,13,
1,15,5,6,8,3,9,7,
1,15,5,6,4,3,14,2,7,
1,15,10,6,8,4,14,2,12,13,
1,15,10,6,4,14,2,9,12,13,
1,15,5,6,8,4,14,2,9,12,13,
1,15,5,6,8,3,2,9,7,
1,15,10,6,3,4,8,14,2,12,13,
1,15,11,6,4,14,2,9,7,
1,15,11,6,8,4,14,2,9,7,
1,15,11,6,4,14,8,9,2,12,13,
1,15,11,6,4,14,9,7,
1,15,10,6,3,8,4,14,9,12,13,
1,15,10,6,4,14,3,8,2,12,13,
1,15,10,6,4,14,3,9,2,12,13,
1,15,11,6,8,9,12,13,
1,15,11,6,4,8,14,9,2,7,
1,15,10,6,4,8,14,9,2,12,13,
1,15,5,6,8,3,2,7,
1,15,10,6,8,4,14,2,9,12,13,
1,15,10,6,8,3,4,14,2,12,13,
1,15,5,6,8,4,14,2,9,12,13,
1,15,11,6,8,9,2,7,
1,15,11,6,4,14,9,2,7,
1,15,10,6,3,8,2,12,13,
1,15,11,6,8,2,9,7,
1,15,11,6,8,4,14,2,7,
1,15,10,6,3,8,2,9,12,13,
1,15,10,6,3,4,8,14,2,9,12,13,
1,15,5,6,8,4,14,9,12,13,
1,15,11,6,4,14,2,9,12,13,
1,15,5,6,3,8,2,7,
1,15,5,6,4,14,9,12,13,
1,15,5,6,4,14,2,9,12,13,
1,15,5,6,8,2,9,12,13,
1,15,10,6,8,3,4,14,9,12,13,
1,15,11,6,4,14,2,7,
1,15,5,6,4,3,14,2,9,7,
1,15,11,6,8,4,14,9,2,7,
1,15,11,6,4,14,9,12,13,
1,15,5,6,8,9,2,12,13,
1,15,10,6,8,9,2,12,13,
1,15,5,6,3,8,2,7,
1,15,5,6,4,14,3,8,2,7,
1,15,10,6,8,4,14,9,2,12,13,
1,15,5,6,4,3,14,2,9,7,
1,15,5,6,4,14,3,8,2,9,7,
1,15,5,6,4,3,14,9,7,
1,15,5,6,8,9,2,12,13,
1,15,10,6,8,4,14,9,2,12,13,
1,15,5,6,8,4,14,2,9,12,13,
1,15,5,6,4,14,8,2,12,13,
1,15,5,6,4,3,14,2,9,7,
1,15,11,6,4,14,2,9,12,13,
1,15,5,6,3,8,9,7,
1,15,10,6,8,3,4,14,2,9,12,13,
1,15,10,6,8,4,14,2,9,12,13,
1,15,10,6,8,2,9,12,13,
1,15,11,6,8,9,12,13,
1,15,10,6,4,14,2,12,13,
1,15,5,6,8,2,12,13,
1,15,5,6,8,9,2,12,13,
1,15,11,6,8,9,7,
1,15,10,6,8,3,4,14,9,2,12,13,
1,15,10,6,3,8,2,9,12,13,
1,15,10,6,8,2,12,13,
1,15,5,6,3,8,2,7,
1,15,10,6,4,14,2,12,13,
1,15,11,6,4,14,9,7,
1,15,5,6,8,4,14,3,9,2,7,
1,15,10,6,3,8,9,12,13,
1,15,10,6,8,4,14,2,12,13,
1,15,5,6,4,14,8,3,9,7,
1,15,11,6,4,14,2,12,13,
1,15,10,6,8,4,14,9,12,13,
1,15,10,6,3,8,4,14,9,12,13,
1,15,11,6,8,4,14,9,12,13,
1,15,5,6,8,4,3,14,9,7,
1,15,5,6,8,9,12,13,
1,15,5,6,4,3,14,9,2,7,
1,15,11,6,8,4,14,9,2,12,13,
1,15,11,6,8,9,12,13,
1,15,10,6,4,3,8,14,2,12,13,
1,15,5,6,8,4,14,9,2,12,13,
1,15,10,6,4,14,8,2,9,12,13,
1,15,10,6,8,3,9,12,13,
1,15,10,6,8,2,9,12,13,
1,15,5,6,3,4,14,9,7,
1,15,10,6,8,3,2,12,13,
1,15,5,6,4,8,14,2,12,13,
1,15,10,6,8,9,12,13,
1,15,5,6,3,4,14,2,7,
1,15,10,6,4,14,2,12,13,
1,15,11,6,8,4,14,2,12,13,
1,15,5,6,4,14,3,2,7,
1,15,10,6,8,3,9,2,12,13,
1,15,5,6,8,2,9,12,13,
1,15,11,6,4,8,14,2,12,13,
1,15,10,6,4,14,2,12,13,
1,15,11,6,8,9,2,12,13,
1,15,5,6,3,4,8,14,9,7,
1,15,11,6,4,8,14,9,12,13,
1,15,5,6,8,4,14,2,9,12,13,
1,15,10,6,8,4,14,9,12,13,
1,15,10,6,8,4,14,9,2,12,13,
1,15,11,6,8,4,14,9,7,
1,15,11,6,8,9,2,7,
1,15,10,6,4,8,14,9,2,12,13,
1,15,5,6,4,8,14,2,12,13,
1,15,11,6,4,8,14,2,9,7,
1,15,11,6,4,8,14,9,7,
1,15,11,6,4,14,2,7,
1,15,5,6,4,8,14,2,12,13,
1,15,11,6,8,2,12,13,
1,15,10,6,8,4,14,3,9,12,13,
1,15,10,6,4,14,9,12,13,
1,15,5,6,3,8,4,14,2,9,7,
1,15,5,6,4,14,3,9,7,
1,15,5,6,4,14,3,8,2,9,7,
1,15,5,6,8,9,2,12,13,
1,15,10,6,8,2,9,12,13,
1,15,10,6,8,3,4,14,9,2,12,13,
1,15,11,6,4,14,9,7,
1,15,5,6,4,14,2,12,13,
1,15,11,6,4,14,2,12,13,
1,15,11,6,8,9,2,12,13,
1,15,5,6,8,4,14,2,12,13,
1,15,5,6,8,9,2,12,13,
1,15,5,6,8,4,14,2,9,12,13,
1,15,10,6,8,4,14,3,2,9,12,13,
1,15,11,6,4,8,14,9,2,7,
1,15,10,6,8,4,14,9,2,12,13,
1,15,5,6,8,9,2,12,13,
1,15,11,6,4,8,14,9,12,13,
1,15,11,6,8,4,14,2,9,7,
1,15,11,6,8,4,14,9,12,13,
1,15,11,6,8,4,14,2,12,13,
1,15,11,6,8,4,14,9,2,12,13,
1,15,10,6,8,9,12,13,
1,15,10,6,4,8,14,2,9,12,13,
1,15,11,6,8,4,14,9,2,7,
1,15,10,6,8,4,14,9,2,12,13,
1,15,11,6,8,4,14,2,12,13,
1,15,10,6,8,4,3,14,9,12,13,
1,15,11,6,4,14,8,9,2,7,
1,15,5,6,4,14,8,2,9,12,13,
1,15,5,6,3,8,2,7,
1,15,10,6,4,3,8,14,2,12,13,
1,15,10,6,3,8,4,14,2,12,13,
1,15,10,6,4,14,9,12,13,
1,15,11,6,4,14,2,9,12,13,
1,15,10,6,3,8,2,12,13,
1,15,5,6,4,8,14,9,2,12,13,
1,15,11,6,8,2,9,7,
1,15,11,6,4,8,14,2,12,13,
1,15,10,6,4,8,3,14,9,2,12,13,
1,15,5,6,8,3,4,14,2,7,
1,15,10,6,8,4,3,14,9,12,13,
1,15,11,6,8,2,9,12,13,
1,15,11,6,8,2,9,7,
1,15,11,6,8,4,14,9,12,13,
1,15,11,6,4,8,14,2,9,7,
1,15,10,6,3,8,4,14,9,2,12,13,
1,15,11,6,8,2,9,7,
1,15,5,6,3,8,2,9,7,
1,15,10,6,4,3,14,2,9,12,13,
1,15,10,6,3,4,14,2,12,13,
1,15,5,6,8,4,14,9,2,12,13,
1,15,11,6,4,8,14,9,12,13,
1,15,5,6,8,4,14,2,9,12,13,
1,15,5,6,3,4,14,9,2,7,
1,15,5,6,3,4,14,9,7,
1,15,5,6,4,3,14,2,7,
1,15,10,6,3,4,14,8,9,2,12,13,
1,15,10,6,8,9,2,12,13,
1,15,10,6,4,3,8,14,9,2,12,13,
1,15,5,6,8,4,14,9,12,13,
1,15,11,6,4,8,14,2,7,
1,15,10,6,8,9,12,13,
1,15,5,6,3,4,14,9,2,7,
1,15,5,6,3,8,4,14,9,7,
1,15,10,6,3,4,8,14,2,12,13,
1,15,5,6,4,14,2,12,13,
1,15,10,6,3,8,9,12,13,
1,15,11,6,4,14,2,9,7,
1,15,10,6,4,14,8,3,2,9,12,13,
1,15,5,6,4,14,2,12,13,
1,15,10,6,8,4,14,2,12,13,
1,15,11,6,4,14,2,9,7,
1,15,5,6,4,8,3,14,9,7,
1,15,5,6,8,2,12,13,
1,15,5,6,4,14,3,2,7,
1,15,10,6,3,8,9,12,13,
1,15,11,6,4,8,14,9,2,12,13,
1,15,10,6,4,14,9,2,12,13,
1,15,5,6,8,3,9,7,
1,15,10,6,8,4,14,9,2,12,13,
1,15,10,6,4,14,9,12,13,
1,15,10,6,3,8,2,12,13,
1,15,5,6,4,14,9,12,13,
1,15,11,6,4,14,8,2,9,12,13,
1,15,5,6,8,9,2,12,13,
1,15,11,6,8,4,14,9,12,13,
1,15,5,6,4,3,14,9,2,7,
1,15,5,6,4,14,9,2,12,13,
1,15,10,6,8,4,14,9,12,13,
1,15,5,6,4,14,9,2,12,13,
1,15,10,6,8,4,3,14,2,9,12,13,
1,15,5,6,4,14,8,3,9,7,
1,15,11,6,4,14,9,2,7,
1,15,5,6,4,3,14,9,2,7,
1,15,11,6,8,4,14,2,9,7,
1,15,11,6,8,4,14,9,12,13,
1,15,10,6,4,14,9,12,13,
1,15,5,6,8,9,12,13,
1,15,11,6,4,14,9,12,13,
1,15,11,6,4,14,8,2,9,12,13,
1,15,10,6,4,3,14,8,2,12,13,
1,15,5,6,4,3,14,2,9,7,
1,15,5,6,4,8,14,9,2,12,13,
1,15,10,6,8,9,12,13,
1,15,5,6,4,3,14,9,2,7,
1,15,5,6,8,4,14,2,12,13,
1,15,11,6,4,14,8,9,7,
1,15,5,6,4,3,14,2,7,
1,15,11,6,8,9,2,7,
1,15,5,6,4,14,9,12,13,
1,15,10,6,4,14,3,8,2,12,13,
1,15,5,6,3,8,4,14,2,7,
1,15,11,6,8,9,7,
1,15,10,6,8,2,12,13,
1,15,10,6,4,3,14,2,12,13,
1,15,11,6,4,8,14,2,7,
1,15,5,6,4,3,14,2,7,
1,15,11,6,4,14,9,7,
1,15,5,6,3,4,14,9,7,
1,15,11,6,4,14,8,9,12,13,
1,15,5,6,3,4,8,14,2,9,7,
1,15,11,6,8,2,12,13,
1,15,10,6,4,8,14,9,2,12,13,
1,15,11,6,8,2,9,7,
1,15,10,6,4,8,14,9,2,12,13,
1,15,11,6,4,14,8,2,12,13,
1,15,5,6,4,14,2,12,13,
1,15,10,6,8,9,12,13,
1,15,5,6,4,3,14,9,2,7,
1,15,10,6,4,14,9,2,12,13,
1,15,10,6,8,9,2,12,13,
1,15,11,6,8,4,14,2,12,13,
1,15,11,6,8,9,2,7,
1,15,10,6,8,9,12,13,
1,15,5,6,4,14,9,12,13,
1,15,11,6,8,4,14,9,2,7,
1,15,11,6,8,2,9,7,
1,15,11,6,8,4,14,9,2,7,
1,15,5,6,4,8,14,9,2,12,13,
1,15,5,6,4,14,2,9,12,13,
1,15,5,6,8,4,3,14,2,7,
1,15,11,6,4,14,8,2,9,12,13,
1,15,11,6,8,9,7,
1,15,5,6,8,4,3,14,9,7,
1,15,11,6,8,4,14,9,7,
1,15,11,6,4,8,14,9,2,12,13,
1,15,10,6,3,4,14,9,2,12,13,
1,15,5,6,3,4,8,14,2,7,
1,15,5,6,8,3,2,9,7,
1,15,11,6,4,14,8,9,7,
1,15,10,6,8,3,9,12,13,
1,15,10,6,4,14,9,2,12,13,
1,15,5,6,8,2,9,12,13,
1,15,11,6,4,8,14,2,9,7,
1,15,5,6,3,8,9,7,
1,15,11,6,8,4,14,9,7,
1,15,10,6,3,8,4,14,2,12,13,
1,15,11,6,4,8,14,9,7,
1,15,11,6,4,8,14,2,12,13,
1,15,11,6,8,2,9,12,13,
1,15,5,6,4,14,9,12,13,
1,15,11,6,4,14,2,9,12,13,
1,15,5,6,3,8,9,2,7,
1,15,11,6,4,8,14,2,7,
1,15,11,6,4,14,2,9,7,
1,15,10,6,8,4,14,2,9,12,13,
1,15,10,6,4,14,8,3,2,12,13,
1,15,11,6,4,14,9,7,
1,15,5,6,8,2,9,12,13,
1,15,10,6,4,8,14,9,2,12,13,
1,15,5,6,8,3,4,14,9,2,7,
1,15,5,6,8,4,14,9,2,12,13,
1,15,11,6,8,4,14,9,7,
1,15,11,6,8,4,14,9,12,13,
1,15,11,6,4,14,8,9,7,
1,15,11,6,8,2,9,12,13,
1,15,11,6,4,14,9,2,12,13,
1,15,5,6,8,4,3,14,2,7,
1,15,5,6,4,8,14,2,9,12,13,
1,15,11,6,4,14,8,9,12,13,
1,15,10,6,8,2,9,12,13,
1,15,11,6,4,14,9,7,
1,15,11,6,4,14,8,2,9,12,13,
1,15,5,6,4,14,2,12,13,
1,15,5,6,8,4,14,2,12,13,
1,15,10,6,8,2,12,13,
1,15,5,6,4,3,14,2,7,
1,15,10,6,8,4,14,3,9,2,12,13,
1,15,10,6,8,4,14,9,12,13,
1,15,5,6,4,8,14,9,12,13,
1,15,10,6,8,2,9,12,13,
1,15,11,6,8,4,14,2,12,13,
1,15,10,6,3,4,14,9,2,12,13,
1,15,5,6,8,2,9,12,13,
1,15,11,6,8,4,14,9,2,12,13,
1,15,10,6,3,8,2,12,13,
1,15,11,6,8,9,12,13,
1,15,10,6,8,4,3,14,2,12,13,
1,15,11,6,4,8,14,2,7,
1,15,5,6,8,4,14,3,2,9,7,
1,15,10,6,4,14,2,12,13,
1,15,5,6,8,9,12,13,
1,15,11,6,4,14,2,7,
1,15,11,6,4,14,9,12,13,
1,15,10,6,3,4,8,14,9,12,13,
1,15,11,6,8,2,7,
1,15,5,6,3,8,9,7,
1,15,11,6,4,14,9,12,13,
1,15,5,6,4,14,3,9,2,7,
1,15,5,6,8,3,2,7,
1,15,11,6,4,8,14,9,2,12,13,
1,15,10,6,4,14,2,12,13,
1,15,10,6,4,8,14,2,9,12,13,
1,15,10,6,8,3,9,2,12,13,
1,15,5,6,4,8,14,2,9,12,13,
1,15,11,6,4,14,8,9,2,7,
1,15,10,6,3,8,2,9,12,13,
1,15,10,6,4,8,14,3,9,2,12,13,
1,15,11,6,8,4,14,2,9,12,13,
1,15,10,6,4,14,8,3,2,9,12,13,
1,15,5,6,8,9,12,13,
1,15,11,6,4,14,8,9,2,7,
1,15,5,6,3,4,8,14,9,7,
1,15,11,6,4,8,14,2,9,12,13,
1,15,5,6,8,3,9,7,
1,15,11,6,4,14,2,9,12,13,
1,15,11,6,8,4,14,2,9,7,
1,15,5,6,8,4,14,9,12,13,
1,15,5,6,4,14,2,9,12,13,
1,15,10,6,3,8,4,14,2,9,12,13,
1,15,10,6,8,3,4,14,2,9,12,13,
1,15,11,6,4,8,14,2,7,
1,15,11,6,8,4,14,2,12,13,
1,15,5,6,4,14,9,12,13,
1,15,11,6,8,4,14,9,2,12,13,
1,15,5,6,8,9,2,12,13,